"id","ts","user_id","uuid","Humidity[%]","TVOC[ppb]","eCO2[ppm]","Pressure[hPa]","flame_sensor"
"7","2024-04-23 01:48:09","santa_test_1",,"55.2683","0","400","1006.21","0"
"8","2024-05-08 00:52:39","Ua5f5a2a7fba3c4756d3aa39dbf670e6a","c9f02fdf-52ce-45bb-96e3-7a1ac611cd4f","51.4551","0","400","1010.98","0"
"9","2024-05-08 00:52:49","Ua5f5a2a7fba3c4756d3aa39dbf670e6a","c9f02fdf-52ce-45bb-96e3-7a1ac611cd4f","51.9602","0","400","1010.99","0"
"10","2024-05-08 00:52:59","Ua5f5a2a7fba3c4756d3aa39dbf670e6a","c9f02fdf-52ce-45bb-96e3-7a1ac611cd4f","51.9674","0","400","1010.95","0"
"11","2024-05-08 00:53:09","Ua5f5a2a7fba3c4756d3aa39dbf670e6a","c9f02fdf-52ce-45bb-96e3-7a1ac611cd4f","51.5762","0","400","1010.97","0"
"12","2024-05-08 00:53:19","Ua5f5a2a7fba3c4756d3aa39dbf670e6a","c9f02fdf-52ce-45bb-96e3-7a1ac611cd4f","51.4966","16","400","1010.96","0"
"13","2024-05-08 00:53:30","Ua5f5a2a7fba3c4756d3aa39dbf670e6a","c9f02fdf-52ce-45bb-96e3-7a1ac611cd4f","52.0655","20","458","1010.97","0"
"14","2024-05-08 00:53:40","Ua5f5a2a7fba3c4756d3aa39dbf670e6a","c9f02fdf-52ce-45bb-96e3-7a1ac611cd4f","52.395","18","400","1010.92","0"
"15","2024-05-08 00:53:50","Ua5f5a2a7fba3c4756d3aa39dbf670e6a","c9f02fdf-52ce-45bb-96e3-7a1ac611cd4f","51.9404","0","400","1010.94","0"
"16","2024-05-08 00:54:00","Ua5f5a2a7fba3c4756d3aa39dbf670e6a","c9f02fdf-52ce-45bb-96e3-7a1ac611cd4f","52.3283","25","400","1010.9","0"
"17","2024-05-08 00:54:10","Ua5f5a2a7fba3c4756d3aa39dbf670e6a","c9f02fdf-52ce-45bb-96e3-7a1ac611cd4f","52.1809","8","400","1010.96","0"
"18","2024-05-08 00:54:20","Ua5f5a2a7fba3c4756d3aa39dbf670e6a","c9f02fdf-52ce-45bb-96e3-7a1ac611cd4f","51.9233","0","400","1010.91","0"
"19","2024-05-08 00:54:30","Ua5f5a2a7fba3c4756d3aa39dbf670e6a","c9f02fdf-52ce-45bb-96e3-7a1ac611cd4f","51.9916","0","400","1010.95","0"
"20","2024-05-08 00:54:40","Ua5f5a2a7fba3c4756d3aa39dbf670e6a","c9f02fdf-52ce-45bb-96e3-7a1ac611cd4f","51.718","0","400","1010.91","0"
"21","2024-05-08 00:54:50","Ua5f5a2a7fba3c4756d3aa39dbf670e6a","c9f02fdf-52ce-45bb-96e3-7a1ac611cd4f","51.0096","0","400","1010.85","0"
"22","2024-05-08 00:55:00","Ua5f5a2a7fba3c4756d3aa39dbf670e6a","c9f02fdf-52ce-45bb-96e3-7a1ac611cd4f","51.1227","0","400","1010.93","0"
"23","2024-05-08 00:55:11","Ua5f5a2a7fba3c4756d3aa39dbf670e6a","c9f02fdf-52ce-45bb-96e3-7a1ac611cd4f","51.386","0","400","1010.9","0"
"24","2024-05-08 00:55:21","Ua5f5a2a7fba3c4756d3aa39dbf670e6a","c9f02fdf-52ce-45bb-96e3-7a1ac611cd4f","51.3695","0","400","1010.91","0"
"25","2024-05-08 00:55:31","Ua5f5a2a7fba3c4756d3aa39dbf670e6a","c9f02fdf-52ce-45bb-96e3-7a1ac611cd4f","51.219","0","400","1010.94","0"
"26","2024-05-08 00:55:41","Ua5f5a2a7fba3c4756d3aa39dbf670e6a","c9f02fdf-52ce-45bb-96e3-7a1ac611cd4f","51.2165","0","400","1010.91","0"
"27","2024-05-08 00:55:51","Ua5f5a2a7fba3c4756d3aa39dbf670e6a","c9f02fdf-52ce-45bb-96e3-7a1ac611cd4f","51.1296","0","400","1010.94","0"
"28","2024-05-08 00:56:01","Ua5f5a2a7fba3c4756d3aa39dbf670e6a","c9f02fdf-52ce-45bb-96e3-7a1ac611cd4f","51.1944","0","400","1010.89","0"
"29","2024-05-08 00:56:11","Ua5f5a2a7fba3c4756d3aa39dbf670e6a","c9f02fdf-52ce-45bb-96e3-7a1ac611cd4f","51.2602","0","400","1010.95","0"
"30","2024-05-08 00:56:21","Ua5f5a2a7fba3c4756d3aa39dbf670e6a","c9f02fdf-52ce-45bb-96e3-7a1ac611cd4f","51.1928","0","400","1010.98","0"
"31","2024-05-08 00:56:31","Ua5f5a2a7fba3c4756d3aa39dbf670e6a","c9f02fdf-52ce-45bb-96e3-7a1ac611cd4f","51.3242","0","400","1010.96","0"
"32","2024-05-08 00:56:41","Ua5f5a2a7fba3c4756d3aa39dbf670e6a","c9f02fdf-52ce-45bb-96e3-7a1ac611cd4f","51.7728","0","400","1010.91","0"
"33","2024-05-08 00:56:52","Ua5f5a2a7fba3c4756d3aa39dbf670e6a","c9f02fdf-52ce-45bb-96e3-7a1ac611cd4f","51.4808","0","400","1010.94","0"
"34","2024-05-08 00:57:02","Ua5f5a2a7fba3c4756d3aa39dbf670e6a","c9f02fdf-52ce-45bb-96e3-7a1ac611cd4f","51.6499","0","420","1010.92","0"
"35","2024-05-08 00:57:12","Ua5f5a2a7fba3c4756d3aa39dbf670e6a","c9f02fdf-52ce-45bb-96e3-7a1ac611cd4f","51.7726","0","575","1010.93","0"
"36","2024-05-08 00:57:22","Ua5f5a2a7fba3c4756d3aa39dbf670e6a","c9f02fdf-52ce-45bb-96e3-7a1ac611cd4f","51.658","0","504","1010.93","0"
"37","2024-05-08 00:57:32","Ua5f5a2a7fba3c4756d3aa39dbf670e6a","c9f02fdf-52ce-45bb-96e3-7a1ac611cd4f","51.6646","0","450","1010.94","0"
"38","2024-05-08 00:57:42","Ua5f5a2a7fba3c4756d3aa39dbf670e6a","c9f02fdf-52ce-45bb-96e3-7a1ac611cd4f","51.4585","0","493","1010.96","0"
"39","2024-05-08 00:57:52","Ua5f5a2a7fba3c4756d3aa39dbf670e6a","c9f02fdf-52ce-45bb-96e3-7a1ac611cd4f","51.8073","0","500","1010.96","0"
"40","2024-05-08 00:58:02","Ua5f5a2a7fba3c4756d3aa39dbf670e6a","c9f02fdf-52ce-45bb-96e3-7a1ac611cd4f","51.4995","3","519","1010.91","0"
"41","2024-05-08 00:58:12","Ua5f5a2a7fba3c4756d3aa39dbf670e6a","c9f02fdf-52ce-45bb-96e3-7a1ac611cd4f","51.2794","5","497","1010.91","0"
"42","2024-05-08 00:58:22","Ua5f5a2a7fba3c4756d3aa39dbf670e6a","c9f02fdf-52ce-45bb-96e3-7a1ac611cd4f","51.2952","4","490","1010.96","0"
"43","2024-05-08 00:58:33","Ua5f5a2a7fba3c4756d3aa39dbf670e6a","c9f02fdf-52ce-45bb-96e3-7a1ac611cd4f","51.2947","7","486","1010.9","0"
"44","2024-05-08 00:58:43","Ua5f5a2a7fba3c4756d3aa39dbf670e6a","c9f02fdf-52ce-45bb-96e3-7a1ac611cd4f","51.1407","0","461","1010.89","0"
"45","2024-05-08 00:58:53","Ua5f5a2a7fba3c4756d3aa39dbf670e6a","c9f02fdf-52ce-45bb-96e3-7a1ac611cd4f","51.2884","0","470","1010.89","0"
"46","2024-05-08 00:59:03","Ua5f5a2a7fba3c4756d3aa39dbf670e6a","c9f02fdf-52ce-45bb-96e3-7a1ac611cd4f","51.407","0","494","1011","0"
"47","2024-05-08 00:59:13","Ua5f5a2a7fba3c4756d3aa39dbf670e6a","c9f02fdf-52ce-45bb-96e3-7a1ac611cd4f","51.1969","0","455","1010.89","0"
"48","2024-05-08 00:59:23","Ua5f5a2a7fba3c4756d3aa39dbf670e6a","c9f02fdf-52ce-45bb-96e3-7a1ac611cd4f","51.5787","7","510","1010.91","0"
"49","2024-05-08 00:59:33","Ua5f5a2a7fba3c4756d3aa39dbf670e6a","c9f02fdf-52ce-45bb-96e3-7a1ac611cd4f","51.4726","10","498","1010.96","0"
"50","2024-05-08 00:59:43","Ua5f5a2a7fba3c4756d3aa39dbf670e6a","c9f02fdf-52ce-45bb-96e3-7a1ac611cd4f","51.9746","25","553","1010.89","0"
"51","2024-05-08 00:59:53","Ua5f5a2a7fba3c4756d3aa39dbf670e6a","c9f02fdf-52ce-45bb-96e3-7a1ac611cd4f","51.5517","5","492","1010.93","0"
"52","2024-05-08 01:00:04","Ua5f5a2a7fba3c4756d3aa39dbf670e6a","c9f02fdf-52ce-45bb-96e3-7a1ac611cd4f","51.5116","4","501","1010.94","0"
"53","2024-05-08 01:00:14","Ua5f5a2a7fba3c4756d3aa39dbf670e6a","c9f02fdf-52ce-45bb-96e3-7a1ac611cd4f","51.5075","6","512","1010.92","0"
"54","2024-05-08 01:00:24","Ua5f5a2a7fba3c4756d3aa39dbf670e6a","c9f02fdf-52ce-45bb-96e3-7a1ac611cd4f","51.5922","0","499","1010.93","0"
"55","2024-05-08 01:00:34","Ua5f5a2a7fba3c4756d3aa39dbf670e6a","c9f02fdf-52ce-45bb-96e3-7a1ac611cd4f","51.5935","16","631","1010.95","0"
"56","2024-05-08 01:00:44","Ua5f5a2a7fba3c4756d3aa39dbf670e6a","c9f02fdf-52ce-45bb-96e3-7a1ac611cd4f","51.4424","0","473","1010.92","0"
"57","2024-05-08 01:00:54","Ua5f5a2a7fba3c4756d3aa39dbf670e6a","c9f02fdf-52ce-45bb-96e3-7a1ac611cd4f","51.7263","8","514","1010.98","0"
"58","2024-05-08 01:01:04","Ua5f5a2a7fba3c4756d3aa39dbf670e6a","c9f02fdf-52ce-45bb-96e3-7a1ac611cd4f","51.5625","0","474","1010.93","0"
"59","2024-05-08 01:01:14","Ua5f5a2a7fba3c4756d3aa39dbf670e6a","c9f02fdf-52ce-45bb-96e3-7a1ac611cd4f","51.0777","0","403","1010.91","0"
"60","2024-05-08 01:01:24","Ua5f5a2a7fba3c4756d3aa39dbf670e6a","c9f02fdf-52ce-45bb-96e3-7a1ac611cd4f","51.4012","0","514","1010.9","0"
"61","2024-05-08 01:01:34","Ua5f5a2a7fba3c4756d3aa39dbf670e6a","c9f02fdf-52ce-45bb-96e3-7a1ac611cd4f","51.3436","0","686","1010.89","0"
"62","2024-05-08 01:01:45","Ua5f5a2a7fba3c4756d3aa39dbf670e6a","c9f02fdf-52ce-45bb-96e3-7a1ac611cd4f","51.9566","0","620","1010.88","0"
"63","2024-05-08 01:01:55","Ua5f5a2a7fba3c4756d3aa39dbf670e6a","c9f02fdf-52ce-45bb-96e3-7a1ac611cd4f","51.9824","0","455","1010.88","0"
"64","2024-05-08 01:02:05","Ua5f5a2a7fba3c4756d3aa39dbf670e6a","c9f02fdf-52ce-45bb-96e3-7a1ac611cd4f","51.621","0","430","1010.86","0"
"65","2024-05-08 01:02:15","Ua5f5a2a7fba3c4756d3aa39dbf670e6a","c9f02fdf-52ce-45bb-96e3-7a1ac611cd4f","51.418","0","419","1010.86","0"
"66","2024-05-08 01:02:25","Ua5f5a2a7fba3c4756d3aa39dbf670e6a","c9f02fdf-52ce-45bb-96e3-7a1ac611cd4f","51.5256","0","425","1010.88","0"
"67","2024-05-08 01:02:35","Ua5f5a2a7fba3c4756d3aa39dbf670e6a","c9f02fdf-52ce-45bb-96e3-7a1ac611cd4f","51.7934","0","528","1010.92","0"
"68","2024-05-08 01:02:45","Ua5f5a2a7fba3c4756d3aa39dbf670e6a","c9f02fdf-52ce-45bb-96e3-7a1ac611cd4f","51.9417","0","444","1010.88","0"
"69","2024-05-08 01:02:55","Ua5f5a2a7fba3c4756d3aa39dbf670e6a","c9f02fdf-52ce-45bb-96e3-7a1ac611cd4f","51.9003","0","437","1010.88","0"
"70","2024-05-08 01:03:05","Ua5f5a2a7fba3c4756d3aa39dbf670e6a","c9f02fdf-52ce-45bb-96e3-7a1ac611cd4f","52.0844","4","494","1010.87","0"
"71","2024-05-08 01:03:15","Ua5f5a2a7fba3c4756d3aa39dbf670e6a","c9f02fdf-52ce-45bb-96e3-7a1ac611cd4f","52.5242","17","575","1010.86","0"
"72","2024-05-08 01:03:26","Ua5f5a2a7fba3c4756d3aa39dbf670e6a","c9f02fdf-52ce-45bb-96e3-7a1ac611cd4f","51.7556","1","460","1010.88","0"
"73","2024-05-08 01:03:36","Ua5f5a2a7fba3c4756d3aa39dbf670e6a","c9f02fdf-52ce-45bb-96e3-7a1ac611cd4f","51.8614","24","487","1010.88","0"
"74","2024-05-08 01:03:46","Ua5f5a2a7fba3c4756d3aa39dbf670e6a","c9f02fdf-52ce-45bb-96e3-7a1ac611cd4f","51.6488","0","463","1010.88","0"
"75","2024-05-08 01:03:56","Ua5f5a2a7fba3c4756d3aa39dbf670e6a","c9f02fdf-52ce-45bb-96e3-7a1ac611cd4f","51.8802","21","493","1010.84","0"
"76","2024-05-08 01:04:06","Ua5f5a2a7fba3c4756d3aa39dbf670e6a","c9f02fdf-52ce-45bb-96e3-7a1ac611cd4f","51.9205","39","692","1010.87","0"
"77","2024-05-08 01:04:16","Ua5f5a2a7fba3c4756d3aa39dbf670e6a","c9f02fdf-52ce-45bb-96e3-7a1ac611cd4f","52.446","54","680","1010.84","0"
"78","2024-05-08 01:04:26","Ua5f5a2a7fba3c4756d3aa39dbf670e6a","c9f02fdf-52ce-45bb-96e3-7a1ac611cd4f","52.2971","48","551","1010.83","0"
"79","2024-05-08 01:04:36","Ua5f5a2a7fba3c4756d3aa39dbf670e6a","c9f02fdf-52ce-45bb-96e3-7a1ac611cd4f","51.9255","26","542","1010.8","0"
"80","2024-05-08 01:04:46","Ua5f5a2a7fba3c4756d3aa39dbf670e6a","c9f02fdf-52ce-45bb-96e3-7a1ac611cd4f","52.1446","35","513","1010.82","0"
"81","2024-05-08 01:04:56","Ua5f5a2a7fba3c4756d3aa39dbf670e6a","c9f02fdf-52ce-45bb-96e3-7a1ac611cd4f","52.5654","38","561","1010.81","0"
"82","2024-05-08 01:05:07","Ua5f5a2a7fba3c4756d3aa39dbf670e6a","c9f02fdf-52ce-45bb-96e3-7a1ac611cd4f","52.1752","35","510","1010.83","0"
"83","2024-05-08 01:05:17","Ua5f5a2a7fba3c4756d3aa39dbf670e6a","c9f02fdf-52ce-45bb-96e3-7a1ac611cd4f","52.0793","22","508","1010.82","0"
"84","2024-05-08 01:05:27","Ua5f5a2a7fba3c4756d3aa39dbf670e6a","c9f02fdf-52ce-45bb-96e3-7a1ac611cd4f","52.1275","36","518","1010.81","0"
"85","2024-05-08 01:05:37","Ua5f5a2a7fba3c4756d3aa39dbf670e6a","c9f02fdf-52ce-45bb-96e3-7a1ac611cd4f","51.648","19","476","1010.79","0"
"86","2024-05-08 01:05:47","Ua5f5a2a7fba3c4756d3aa39dbf670e6a","c9f02fdf-52ce-45bb-96e3-7a1ac611cd4f","51.507","13","477","1010.83","0"
"87","2024-05-08 01:05:57","Ua5f5a2a7fba3c4756d3aa39dbf670e6a","c9f02fdf-52ce-45bb-96e3-7a1ac611cd4f","51.5244","5","481","1010.79","0"
"88","2024-05-08 01:06:07","Ua5f5a2a7fba3c4756d3aa39dbf670e6a","c9f02fdf-52ce-45bb-96e3-7a1ac611cd4f","51.758","5","475","1010.74","0"
"89","2024-05-08 01:06:17","Ua5f5a2a7fba3c4756d3aa39dbf670e6a","c9f02fdf-52ce-45bb-96e3-7a1ac611cd4f","51.632","0","452","1010.77","0"
"90","2024-05-08 01:06:27","Ua5f5a2a7fba3c4756d3aa39dbf670e6a","c9f02fdf-52ce-45bb-96e3-7a1ac611cd4f","51.6001","7","488","1010.77","0"
"91","2024-05-08 01:06:37","Ua5f5a2a7fba3c4756d3aa39dbf670e6a","c9f02fdf-52ce-45bb-96e3-7a1ac611cd4f","51.8635","1","493","1010.78","0"
"92","2024-05-08 01:06:48","Ua5f5a2a7fba3c4756d3aa39dbf670e6a","c9f02fdf-52ce-45bb-96e3-7a1ac611cd4f","51.9313","10","475","1010.8","0"
"93","2024-05-08 01:06:58","Ua5f5a2a7fba3c4756d3aa39dbf670e6a","c9f02fdf-52ce-45bb-96e3-7a1ac611cd4f","51.7517","28","511","1010.79","0"
"94","2024-05-08 01:07:08","Ua5f5a2a7fba3c4756d3aa39dbf670e6a","c9f02fdf-52ce-45bb-96e3-7a1ac611cd4f","52.0309","28","543","1010.72","0"
"95","2024-05-08 01:07:18","Ua5f5a2a7fba3c4756d3aa39dbf670e6a","c9f02fdf-52ce-45bb-96e3-7a1ac611cd4f","51.5381","13","476","1010.75","0"
"96","2024-05-08 01:07:28","Ua5f5a2a7fba3c4756d3aa39dbf670e6a","c9f02fdf-52ce-45bb-96e3-7a1ac611cd4f","51.4463","17","470","1010.73","0"
"97","2024-05-08 01:07:38","Ua5f5a2a7fba3c4756d3aa39dbf670e6a","c9f02fdf-52ce-45bb-96e3-7a1ac611cd4f","51.5606","19","503","1010.78","0"
"98","2024-05-08 01:07:48","Ua5f5a2a7fba3c4756d3aa39dbf670e6a","c9f02fdf-52ce-45bb-96e3-7a1ac611cd4f","51.4139","9","462","1010.79","0"
"99","2024-05-08 01:07:58","Ua5f5a2a7fba3c4756d3aa39dbf670e6a","c9f02fdf-52ce-45bb-96e3-7a1ac611cd4f","51.2848","18","482","1010.73","0"
"100","2024-05-08 01:08:08","Ua5f5a2a7fba3c4756d3aa39dbf670e6a","c9f02fdf-52ce-45bb-96e3-7a1ac611cd4f","51.2118","6","466","1010.8","0"
"101","2024-05-08 01:08:18","Ua5f5a2a7fba3c4756d3aa39dbf670e6a","c9f02fdf-52ce-45bb-96e3-7a1ac611cd4f","51.3875","0","489","1010.72","0"
"102","2024-05-08 01:08:29","Ua5f5a2a7fba3c4756d3aa39dbf670e6a","c9f02fdf-52ce-45bb-96e3-7a1ac611cd4f","51.3273","3","456","1010.74","0"
"103","2024-05-08 01:08:39","Ua5f5a2a7fba3c4756d3aa39dbf670e6a","c9f02fdf-52ce-45bb-96e3-7a1ac611cd4f","51.4478","16","522","1010.71","0"
"104","2024-05-08 01:08:49","Ua5f5a2a7fba3c4756d3aa39dbf670e6a","c9f02fdf-52ce-45bb-96e3-7a1ac611cd4f","51.1423","0","435","1010.74","0"
"105","2024-05-08 01:08:59","Ua5f5a2a7fba3c4756d3aa39dbf670e6a","c9f02fdf-52ce-45bb-96e3-7a1ac611cd4f","51.1079","0","442","1010.74","0"
"106","2024-05-08 01:09:10","Ua5f5a2a7fba3c4756d3aa39dbf670e6a","c9f02fdf-52ce-45bb-96e3-7a1ac611cd4f","50.9442","0","422","1010.74","0"
"107","2024-05-08 01:09:19","Ua5f5a2a7fba3c4756d3aa39dbf670e6a","c9f02fdf-52ce-45bb-96e3-7a1ac611cd4f","50.9106","0","404","1010.74","0"
"108","2024-05-08 01:09:29","Ua5f5a2a7fba3c4756d3aa39dbf670e6a","c9f02fdf-52ce-45bb-96e3-7a1ac611cd4f","50.9258","0","400","1010.7","0"
"109","2024-05-08 01:09:39","Ua5f5a2a7fba3c4756d3aa39dbf670e6a","c9f02fdf-52ce-45bb-96e3-7a1ac611cd4f","51.0103","0","400","1010.73","0"
"110","2024-05-08 01:09:49","Ua5f5a2a7fba3c4756d3aa39dbf670e6a","c9f02fdf-52ce-45bb-96e3-7a1ac611cd4f","51.1101","0","400","1010.7","0"
"111","2024-05-08 01:10:00","Ua5f5a2a7fba3c4756d3aa39dbf670e6a","c9f02fdf-52ce-45bb-96e3-7a1ac611cd4f","51.4221","0","404","1010.71","0"
"112","2024-05-08 01:10:10","Ua5f5a2a7fba3c4756d3aa39dbf670e6a","c9f02fdf-52ce-45bb-96e3-7a1ac611cd4f","51.3769","0","419","1010.71","0"
"113","2024-05-08 01:10:20","Ua5f5a2a7fba3c4756d3aa39dbf670e6a","c9f02fdf-52ce-45bb-96e3-7a1ac611cd4f","51.7419","0","400","1010.72","0"
"114","2024-05-08 01:10:30","Ua5f5a2a7fba3c4756d3aa39dbf670e6a","c9f02fdf-52ce-45bb-96e3-7a1ac611cd4f","51.7526","0","475","1010.76","0"
"115","2024-05-08 01:10:40","Ua5f5a2a7fba3c4756d3aa39dbf670e6a","c9f02fdf-52ce-45bb-96e3-7a1ac611cd4f","51.7485","4","454","1010.66","0"
"116","2024-05-08 01:10:50","Ua5f5a2a7fba3c4756d3aa39dbf670e6a","c9f02fdf-52ce-45bb-96e3-7a1ac611cd4f","51.7715","3","492","1010.7","0"
"117","2024-05-08 01:11:00","Ua5f5a2a7fba3c4756d3aa39dbf670e6a","c9f02fdf-52ce-45bb-96e3-7a1ac611cd4f","51.446","0","533","1010.71","0"
"118","2024-05-08 01:11:10","Ua5f5a2a7fba3c4756d3aa39dbf670e6a","c9f02fdf-52ce-45bb-96e3-7a1ac611cd4f","51.4284","0","448","1010.73","0"
"119","2024-05-08 01:11:20","Ua5f5a2a7fba3c4756d3aa39dbf670e6a","c9f02fdf-52ce-45bb-96e3-7a1ac611cd4f","51.3652","0","408","1010.71","0"
"120","2024-05-08 01:11:30","Ua5f5a2a7fba3c4756d3aa39dbf670e6a","c9f02fdf-52ce-45bb-96e3-7a1ac611cd4f","51.2535","0","418","1010.73","0"
"121","2024-05-08 01:11:41","Ua5f5a2a7fba3c4756d3aa39dbf670e6a","c9f02fdf-52ce-45bb-96e3-7a1ac611cd4f","51.2877","0","423","1010.72","0"
"122","2024-05-08 01:11:51","Ua5f5a2a7fba3c4756d3aa39dbf670e6a","c9f02fdf-52ce-45bb-96e3-7a1ac611cd4f","51.4204","18","462","1010.73","0"
"123","2024-05-08 01:12:01","Ua5f5a2a7fba3c4756d3aa39dbf670e6a","c9f02fdf-52ce-45bb-96e3-7a1ac611cd4f","51.6874","23","474","1010.72","0"
"124","2024-05-08 01:12:11","Ua5f5a2a7fba3c4756d3aa39dbf670e6a","c9f02fdf-52ce-45bb-96e3-7a1ac611cd4f","51.4275","26","458","1010.72","0"
"125","2024-05-08 01:12:21","Ua5f5a2a7fba3c4756d3aa39dbf670e6a","c9f02fdf-52ce-45bb-96e3-7a1ac611cd4f","51.4505","36","470","1010.67","0"
"126","2024-05-08 01:12:31","Ua5f5a2a7fba3c4756d3aa39dbf670e6a","c9f02fdf-52ce-45bb-96e3-7a1ac611cd4f","51.4578","35","480","1010.69","0"
"127","2024-05-08 01:12:41","Ua5f5a2a7fba3c4756d3aa39dbf670e6a","c9f02fdf-52ce-45bb-96e3-7a1ac611cd4f","51.4852","32","473","1010.68","0"
"128","2024-05-08 01:12:51","Ua5f5a2a7fba3c4756d3aa39dbf670e6a","c9f02fdf-52ce-45bb-96e3-7a1ac611cd4f","51.6193","36","476","1010.68","0"
"129","2024-05-08 01:13:01","Ua5f5a2a7fba3c4756d3aa39dbf670e6a","c9f02fdf-52ce-45bb-96e3-7a1ac611cd4f","52.1977","49","546","1010.72","0"
"130","2024-05-08 01:13:11","Ua5f5a2a7fba3c4756d3aa39dbf670e6a","c9f02fdf-52ce-45bb-96e3-7a1ac611cd4f","51.7157","46","485","1010.73","0"
"131","2024-05-08 01:13:22","Ua5f5a2a7fba3c4756d3aa39dbf670e6a","c9f02fdf-52ce-45bb-96e3-7a1ac611cd4f","52.0875","70","554","1010.69","0"
"132","2024-05-08 01:13:32","Ua5f5a2a7fba3c4756d3aa39dbf670e6a","c9f02fdf-52ce-45bb-96e3-7a1ac611cd4f","52.3399","66","652","1010.74","0"
"133","2024-05-08 01:13:42","Ua5f5a2a7fba3c4756d3aa39dbf670e6a","c9f02fdf-52ce-45bb-96e3-7a1ac611cd4f","51.7645","75","515","1010.67","0"
"134","2024-05-08 01:13:52","Ua5f5a2a7fba3c4756d3aa39dbf670e6a","c9f02fdf-52ce-45bb-96e3-7a1ac611cd4f","51.7163","66","512","1010.71","0"
"135","2024-05-08 01:14:02","Ua5f5a2a7fba3c4756d3aa39dbf670e6a","c9f02fdf-52ce-45bb-96e3-7a1ac611cd4f","51.6926","54","500","1010.73","0"
"136","2024-05-08 01:14:12","Ua5f5a2a7fba3c4756d3aa39dbf670e6a","c9f02fdf-52ce-45bb-96e3-7a1ac611cd4f","51.3952","26","447","1010.69","0"
"137","2024-05-08 01:14:22","Ua5f5a2a7fba3c4756d3aa39dbf670e6a","c9f02fdf-52ce-45bb-96e3-7a1ac611cd4f","51.1254","0","400","1010.64","0"
"138","2024-05-08 01:14:32","Ua5f5a2a7fba3c4756d3aa39dbf670e6a","c9f02fdf-52ce-45bb-96e3-7a1ac611cd4f","51.0383","0","400","1010.69","0"
"139","2024-05-08 01:14:42","Ua5f5a2a7fba3c4756d3aa39dbf670e6a","c9f02fdf-52ce-45bb-96e3-7a1ac611cd4f","51.0241","0","400","1010.67","0"
"140","2024-05-08 01:14:52","Ua5f5a2a7fba3c4756d3aa39dbf670e6a","c9f02fdf-52ce-45bb-96e3-7a1ac611cd4f","51.1427","0","400","1010.69","0"
"141","2024-05-08 01:15:03","Ua5f5a2a7fba3c4756d3aa39dbf670e6a","c9f02fdf-52ce-45bb-96e3-7a1ac611cd4f","51.319","0","400","1010.65","0"
"142","2024-05-08 01:15:13","Ua5f5a2a7fba3c4756d3aa39dbf670e6a","c9f02fdf-52ce-45bb-96e3-7a1ac611cd4f","51.4237","0","400","1010.71","0"
"143","2024-05-08 01:15:23","Ua5f5a2a7fba3c4756d3aa39dbf670e6a","c9f02fdf-52ce-45bb-96e3-7a1ac611cd4f","51.5567","0","400","1010.7","0"
"144","2024-05-08 01:15:33","Ua5f5a2a7fba3c4756d3aa39dbf670e6a","c9f02fdf-52ce-45bb-96e3-7a1ac611cd4f","51.8215","0","400","1010.66","0"
"145","2024-05-08 01:15:43","Ua5f5a2a7fba3c4756d3aa39dbf670e6a","c9f02fdf-52ce-45bb-96e3-7a1ac611cd4f","51.9545","0","400","1010.69","0"
"146","2024-05-08 01:15:53","Ua5f5a2a7fba3c4756d3aa39dbf670e6a","c9f02fdf-52ce-45bb-96e3-7a1ac611cd4f","52.2519","0","400","1010.72","0"
"147","2024-05-08 01:16:03","Ua5f5a2a7fba3c4756d3aa39dbf670e6a","c9f02fdf-52ce-45bb-96e3-7a1ac611cd4f","52.0571","0","400","1010.68","0"
"148","2024-05-08 01:16:13","Ua5f5a2a7fba3c4756d3aa39dbf670e6a","c9f02fdf-52ce-45bb-96e3-7a1ac611cd4f","51.8736","0","426","1010.67","0"
"149","2024-05-08 01:16:23","Ua5f5a2a7fba3c4756d3aa39dbf670e6a","c9f02fdf-52ce-45bb-96e3-7a1ac611cd4f","51.9467","11","491","1010.67","0"
"150","2024-05-08 01:16:34","Ua5f5a2a7fba3c4756d3aa39dbf670e6a","c9f02fdf-52ce-45bb-96e3-7a1ac611cd4f","51.8613","0","483","1010.65","0"
"151","2024-05-08 01:16:44","Ua5f5a2a7fba3c4756d3aa39dbf670e6a","c9f02fdf-52ce-45bb-96e3-7a1ac611cd4f","51.5261","0","428","1010.71","0"
"152","2024-05-08 01:16:54","Ua5f5a2a7fba3c4756d3aa39dbf670e6a","c9f02fdf-52ce-45bb-96e3-7a1ac611cd4f","51.3839","0","440","1010.69","0"
"153","2024-05-08 01:17:04","Ua5f5a2a7fba3c4756d3aa39dbf670e6a","c9f02fdf-52ce-45bb-96e3-7a1ac611cd4f","51.1576","0","401","1010.66","0"
"154","2024-05-08 01:17:14","Ua5f5a2a7fba3c4756d3aa39dbf670e6a","c9f02fdf-52ce-45bb-96e3-7a1ac611cd4f","51.2977","0","425","1010.71","0"
"155","2024-05-08 01:17:24","Ua5f5a2a7fba3c4756d3aa39dbf670e6a","c9f02fdf-52ce-45bb-96e3-7a1ac611cd4f","51.4456","0","432","1010.7","0"
"156","2024-05-08 01:17:34","Ua5f5a2a7fba3c4756d3aa39dbf670e6a","c9f02fdf-52ce-45bb-96e3-7a1ac611cd4f","50.9167","0","400","1010.68","0"
"157","2024-05-08 01:17:44","Ua5f5a2a7fba3c4756d3aa39dbf670e6a","c9f02fdf-52ce-45bb-96e3-7a1ac611cd4f","51.1444","0","400","1010.64","0"
"158","2024-05-08 01:17:54","Ua5f5a2a7fba3c4756d3aa39dbf670e6a","c9f02fdf-52ce-45bb-96e3-7a1ac611cd4f","51.5107","4","488","1010.63","0"
"159","2024-05-08 01:18:04","Ua5f5a2a7fba3c4756d3aa39dbf670e6a","c9f02fdf-52ce-45bb-96e3-7a1ac611cd4f","51.0745","0","443","1010.69","0"
"160","2024-05-08 01:18:15","Ua5f5a2a7fba3c4756d3aa39dbf670e6a","c9f02fdf-52ce-45bb-96e3-7a1ac611cd4f","50.9732","0","444","1010.59","0"
"161","2024-05-08 01:18:25","Ua5f5a2a7fba3c4756d3aa39dbf670e6a","c9f02fdf-52ce-45bb-96e3-7a1ac611cd4f","50.9781","0","436","1010.67","0"
"162","2024-05-08 01:18:35","Ua5f5a2a7fba3c4756d3aa39dbf670e6a","c9f02fdf-52ce-45bb-96e3-7a1ac611cd4f","50.9483","3","451","1010.62","0"
"163","2024-05-08 01:18:45","Ua5f5a2a7fba3c4756d3aa39dbf670e6a","c9f02fdf-52ce-45bb-96e3-7a1ac611cd4f","51.0208","1","454","1010.63","0"
"164","2024-05-08 01:18:55","Ua5f5a2a7fba3c4756d3aa39dbf670e6a","c9f02fdf-52ce-45bb-96e3-7a1ac611cd4f","50.9933","5","453","1010.67","0"
"165","2024-05-08 01:19:05","Ua5f5a2a7fba3c4756d3aa39dbf670e6a","c9f02fdf-52ce-45bb-96e3-7a1ac611cd4f","50.9257","5","462","1010.62","0"
"166","2024-05-08 01:19:15","Ua5f5a2a7fba3c4756d3aa39dbf670e6a","c9f02fdf-52ce-45bb-96e3-7a1ac611cd4f","51.0242","17","457","1010.63","0"
"167","2024-05-08 01:19:25","Ua5f5a2a7fba3c4756d3aa39dbf670e6a","c9f02fdf-52ce-45bb-96e3-7a1ac611cd4f","51.0423","4","442","1010.68","0"
"168","2024-05-08 01:19:35","Ua5f5a2a7fba3c4756d3aa39dbf670e6a","c9f02fdf-52ce-45bb-96e3-7a1ac611cd4f","50.8193","0","429","1010.61","0"
"169","2024-05-08 01:19:45","Ua5f5a2a7fba3c4756d3aa39dbf670e6a","c9f02fdf-52ce-45bb-96e3-7a1ac611cd4f","50.7932","0","400","1010.65","0"
"170","2024-05-08 01:19:56","Ua5f5a2a7fba3c4756d3aa39dbf670e6a","c9f02fdf-52ce-45bb-96e3-7a1ac611cd4f","50.7917","0","400","1010.57","0"
"171","2024-05-08 01:20:06","Ua5f5a2a7fba3c4756d3aa39dbf670e6a","c9f02fdf-52ce-45bb-96e3-7a1ac611cd4f","50.9583","0","400","1010.6","0"
"172","2024-05-08 01:20:16","Ua5f5a2a7fba3c4756d3aa39dbf670e6a","c9f02fdf-52ce-45bb-96e3-7a1ac611cd4f","51.237","0","400","1010.62","0"
"173","2024-05-08 01:20:26","Ua5f5a2a7fba3c4756d3aa39dbf670e6a","c9f02fdf-52ce-45bb-96e3-7a1ac611cd4f","51.2982","0","408","1010.61","0"
"174","2024-05-08 01:20:36","Ua5f5a2a7fba3c4756d3aa39dbf670e6a","c9f02fdf-52ce-45bb-96e3-7a1ac611cd4f","51.1325","0","416","1010.64","0"
"175","2024-05-08 01:20:46","Ua5f5a2a7fba3c4756d3aa39dbf670e6a","c9f02fdf-52ce-45bb-96e3-7a1ac611cd4f","51.1147","0","400","1010.63","0"
"176","2024-05-08 01:20:56","Ua5f5a2a7fba3c4756d3aa39dbf670e6a","c9f02fdf-52ce-45bb-96e3-7a1ac611cd4f","50.9652","0","400","1010.59","0"
"177","2024-05-08 01:21:06","Ua5f5a2a7fba3c4756d3aa39dbf670e6a","c9f02fdf-52ce-45bb-96e3-7a1ac611cd4f","51.1323","0","400","1010.59","0"
"178","2024-05-08 01:21:16","Ua5f5a2a7fba3c4756d3aa39dbf670e6a","c9f02fdf-52ce-45bb-96e3-7a1ac611cd4f","51.2692","0","400","1010.58","0"
"179","2024-05-08 01:21:26","Ua5f5a2a7fba3c4756d3aa39dbf670e6a","c9f02fdf-52ce-45bb-96e3-7a1ac611cd4f","51.2787","0","400","1010.55","0"
"180","2024-05-08 01:21:37","Ua5f5a2a7fba3c4756d3aa39dbf670e6a","c9f02fdf-52ce-45bb-96e3-7a1ac611cd4f","51.3297","0","400","1010.55","0"
"181","2024-05-08 01:21:47","Ua5f5a2a7fba3c4756d3aa39dbf670e6a","c9f02fdf-52ce-45bb-96e3-7a1ac611cd4f","51.3111","0","400","1010.58","0"
"182","2024-05-08 01:21:57","Ua5f5a2a7fba3c4756d3aa39dbf670e6a","c9f02fdf-52ce-45bb-96e3-7a1ac611cd4f","51.5156","0","400","1010.63","0"
"183","2024-05-08 01:22:07","Ua5f5a2a7fba3c4756d3aa39dbf670e6a","c9f02fdf-52ce-45bb-96e3-7a1ac611cd4f","51.64","0","425","1010.56","0"
"184","2024-05-08 01:22:17","Ua5f5a2a7fba3c4756d3aa39dbf670e6a","c9f02fdf-52ce-45bb-96e3-7a1ac611cd4f","51.9139","3","464","1010.57","0"
"185","2024-05-08 01:22:27","Ua5f5a2a7fba3c4756d3aa39dbf670e6a","c9f02fdf-52ce-45bb-96e3-7a1ac611cd4f","51.6039","35","532","1010.6","0"
"186","2024-05-08 01:22:37","Ua5f5a2a7fba3c4756d3aa39dbf670e6a","c9f02fdf-52ce-45bb-96e3-7a1ac611cd4f","52.001","58","560","1010.59","0"
"187","2024-05-08 01:22:47","Ua5f5a2a7fba3c4756d3aa39dbf670e6a","c9f02fdf-52ce-45bb-96e3-7a1ac611cd4f","51.6328","56","537","1010.6","0"
"188","2024-05-08 01:22:57","Ua5f5a2a7fba3c4756d3aa39dbf670e6a","c9f02fdf-52ce-45bb-96e3-7a1ac611cd4f","51.3198","50","522","1010.6","0"
"189","2024-05-08 01:23:07","Ua5f5a2a7fba3c4756d3aa39dbf670e6a","c9f02fdf-52ce-45bb-96e3-7a1ac611cd4f","51.5343","90","649","1010.64","0"
"190","2024-05-08 01:23:18","Ua5f5a2a7fba3c4756d3aa39dbf670e6a","c9f02fdf-52ce-45bb-96e3-7a1ac611cd4f","51.7771","92","587","1010.61","0"
"191","2024-05-08 01:23:28","Ua5f5a2a7fba3c4756d3aa39dbf670e6a","c9f02fdf-52ce-45bb-96e3-7a1ac611cd4f","52.7896","123","652","1010.58","0"
"192","2024-05-08 01:23:38","Ua5f5a2a7fba3c4756d3aa39dbf670e6a","c9f02fdf-52ce-45bb-96e3-7a1ac611cd4f","52.0442","116","633","1010.61","0"
"193","2024-05-08 01:23:48","Ua5f5a2a7fba3c4756d3aa39dbf670e6a","c9f02fdf-52ce-45bb-96e3-7a1ac611cd4f","52.6126","154","940","1010.61","0"
"194","2024-05-08 01:23:58","Ua5f5a2a7fba3c4756d3aa39dbf670e6a","c9f02fdf-52ce-45bb-96e3-7a1ac611cd4f","51.7785","115","599","1010.57","0"
"195","2024-05-08 01:24:08","Ua5f5a2a7fba3c4756d3aa39dbf670e6a","c9f02fdf-52ce-45bb-96e3-7a1ac611cd4f","51.9738","112","584","1010.56","0"
"196","2024-05-08 01:24:18","Ua5f5a2a7fba3c4756d3aa39dbf670e6a","c9f02fdf-52ce-45bb-96e3-7a1ac611cd4f","51.7325","95","565","1010.61","0"
"197","2024-05-08 01:24:28","Ua5f5a2a7fba3c4756d3aa39dbf670e6a","c9f02fdf-52ce-45bb-96e3-7a1ac611cd4f","51.2756","67","523","1010.56","0"
"198","2024-05-08 01:24:38","Ua5f5a2a7fba3c4756d3aa39dbf670e6a","c9f02fdf-52ce-45bb-96e3-7a1ac611cd4f","51.3972","77","567","1010.64","0"
"199","2024-05-08 01:24:49","Ua5f5a2a7fba3c4756d3aa39dbf670e6a","c9f02fdf-52ce-45bb-96e3-7a1ac611cd4f","51.2036","64","521","1010.59","0"
"200","2024-05-08 01:24:59","Ua5f5a2a7fba3c4756d3aa39dbf670e6a","c9f02fdf-52ce-45bb-96e3-7a1ac611cd4f","51.1353","57","511","1010.57","0"
"201","2024-05-08 01:25:09","Ua5f5a2a7fba3c4756d3aa39dbf670e6a","c9f02fdf-52ce-45bb-96e3-7a1ac611cd4f","51.1001","48","532","1010.59","0"
"202","2024-05-08 01:25:19","Ua5f5a2a7fba3c4756d3aa39dbf670e6a","c9f02fdf-52ce-45bb-96e3-7a1ac611cd4f","50.9321","38","473","1010.55","0"
"203","2024-05-08 01:25:29","Ua5f5a2a7fba3c4756d3aa39dbf670e6a","c9f02fdf-52ce-45bb-96e3-7a1ac611cd4f","51.0546","35","476","1010.59","0"
"204","2024-05-08 01:25:39","Ua5f5a2a7fba3c4756d3aa39dbf670e6a","c9f02fdf-52ce-45bb-96e3-7a1ac611cd4f","51.2871","36","495","1010.59","0"
"205","2024-05-08 01:25:49","Ua5f5a2a7fba3c4756d3aa39dbf670e6a","c9f02fdf-52ce-45bb-96e3-7a1ac611cd4f","51.0731","23","516","1010.6","0"
"206","2024-05-08 01:25:59","Ua5f5a2a7fba3c4756d3aa39dbf670e6a","c9f02fdf-52ce-45bb-96e3-7a1ac611cd4f","51.2212","30","462","1010.58","0"
"207","2024-05-08 01:26:09","Ua5f5a2a7fba3c4756d3aa39dbf670e6a","c9f02fdf-52ce-45bb-96e3-7a1ac611cd4f","50.9026","19","457","1010.52","0"
"208","2024-05-08 01:26:19","Ua5f5a2a7fba3c4756d3aa39dbf670e6a","c9f02fdf-52ce-45bb-96e3-7a1ac611cd4f","51.0713","41","489","1010.56","0"
"209","2024-05-08 01:26:30","Ua5f5a2a7fba3c4756d3aa39dbf670e6a","c9f02fdf-52ce-45bb-96e3-7a1ac611cd4f","50.9408","27","464","1010.58","0"
"210","2024-05-08 01:26:40","Ua5f5a2a7fba3c4756d3aa39dbf670e6a","c9f02fdf-52ce-45bb-96e3-7a1ac611cd4f","51.0482","9","449","1010.58","0"
"211","2024-05-08 01:26:50","Ua5f5a2a7fba3c4756d3aa39dbf670e6a","c9f02fdf-52ce-45bb-96e3-7a1ac611cd4f","51.0899","15","448","1010.52","0"
"212","2024-05-08 01:27:00","Ua5f5a2a7fba3c4756d3aa39dbf670e6a","c9f02fdf-52ce-45bb-96e3-7a1ac611cd4f","51.5843","31","490","1010.54","0"
"213","2024-05-08 01:27:10","Ua5f5a2a7fba3c4756d3aa39dbf670e6a","c9f02fdf-52ce-45bb-96e3-7a1ac611cd4f","51.1447","16","464","1010.57","0"
"214","2024-05-08 01:27:20","Ua5f5a2a7fba3c4756d3aa39dbf670e6a","c9f02fdf-52ce-45bb-96e3-7a1ac611cd4f","51.2268","17","452","1010.54","0"
"215","2024-05-08 01:27:30","Ua5f5a2a7fba3c4756d3aa39dbf670e6a","c9f02fdf-52ce-45bb-96e3-7a1ac611cd4f","51.3527","14","478","1010.49","0"
"216","2024-05-08 01:27:40","Ua5f5a2a7fba3c4756d3aa39dbf670e6a","c9f02fdf-52ce-45bb-96e3-7a1ac611cd4f","50.9658","17","456","1010.55","0"
"217","2024-05-08 01:27:50","Ua5f5a2a7fba3c4756d3aa39dbf670e6a","c9f02fdf-52ce-45bb-96e3-7a1ac611cd4f","51.1249","32","504","1010.55","0"
"218","2024-05-08 01:28:00","Ua5f5a2a7fba3c4756d3aa39dbf670e6a","c9f02fdf-52ce-45bb-96e3-7a1ac611cd4f","50.976","19","451","1010.61","0"
"219","2024-05-08 01:28:11","Ua5f5a2a7fba3c4756d3aa39dbf670e6a","c9f02fdf-52ce-45bb-96e3-7a1ac611cd4f","51.2247","18","464","1010.55","0"
"220","2024-05-08 01:28:21","Ua5f5a2a7fba3c4756d3aa39dbf670e6a","c9f02fdf-52ce-45bb-96e3-7a1ac611cd4f","51.2888","25","467","1010.51","0"
"221","2024-05-08 01:28:31","Ua5f5a2a7fba3c4756d3aa39dbf670e6a","c9f02fdf-52ce-45bb-96e3-7a1ac611cd4f","51.3148","12","451","1010.58","0"
"222","2024-05-08 01:28:41","Ua5f5a2a7fba3c4756d3aa39dbf670e6a","c9f02fdf-52ce-45bb-96e3-7a1ac611cd4f","51.209","10","455","1010.5","0"
"223","2024-05-08 01:28:51","Ua5f5a2a7fba3c4756d3aa39dbf670e6a","c9f02fdf-52ce-45bb-96e3-7a1ac611cd4f","51.1523","17","445","1010.53","0"
"224","2024-05-08 01:29:01","Ua5f5a2a7fba3c4756d3aa39dbf670e6a","c9f02fdf-52ce-45bb-96e3-7a1ac611cd4f","51.2321","22","456","1010.6","0"
"225","2024-05-08 01:29:11","Ua5f5a2a7fba3c4756d3aa39dbf670e6a","c9f02fdf-52ce-45bb-96e3-7a1ac611cd4f","51.1253","17","452","1010.56","0"
"226","2024-05-08 01:29:21","Ua5f5a2a7fba3c4756d3aa39dbf670e6a","c9f02fdf-52ce-45bb-96e3-7a1ac611cd4f","51.2461","5","456","1010.52","0"
"227","2024-05-08 01:29:31","Ua5f5a2a7fba3c4756d3aa39dbf670e6a","c9f02fdf-52ce-45bb-96e3-7a1ac611cd4f","51.1123","3","426","1010.54","0"
"228","2024-05-08 01:29:41","Ua5f5a2a7fba3c4756d3aa39dbf670e6a","c9f02fdf-52ce-45bb-96e3-7a1ac611cd4f","51.4013","11","455","1010.59","0"
"229","2024-05-08 01:29:52","Ua5f5a2a7fba3c4756d3aa39dbf670e6a","c9f02fdf-52ce-45bb-96e3-7a1ac611cd4f","51.5033","10","443","1010.57","0"
"230","2024-05-08 01:30:02","Ua5f5a2a7fba3c4756d3aa39dbf670e6a","c9f02fdf-52ce-45bb-96e3-7a1ac611cd4f","51.4328","12","444","1010.54","0"
"231","2024-05-08 01:30:12","Ua5f5a2a7fba3c4756d3aa39dbf670e6a","c9f02fdf-52ce-45bb-96e3-7a1ac611cd4f","51.2334","7","431","1010.53","0"
"232","2024-05-08 01:30:22","Ua5f5a2a7fba3c4756d3aa39dbf670e6a","c9f02fdf-52ce-45bb-96e3-7a1ac611cd4f","51.5099","19","524","1010.55","0"
"233","2024-05-08 01:30:32","Ua5f5a2a7fba3c4756d3aa39dbf670e6a","c9f02fdf-52ce-45bb-96e3-7a1ac611cd4f","51.4652","11","445","1010.55","0"
"234","2024-05-08 01:30:42","Ua5f5a2a7fba3c4756d3aa39dbf670e6a","c9f02fdf-52ce-45bb-96e3-7a1ac611cd4f","51.7976","14","447","1010.55","0"
"235","2024-05-08 01:30:52","Ua5f5a2a7fba3c4756d3aa39dbf670e6a","c9f02fdf-52ce-45bb-96e3-7a1ac611cd4f","51.8712","47","489","1010.54","0"
"236","2024-05-08 01:31:02","Ua5f5a2a7fba3c4756d3aa39dbf670e6a","c9f02fdf-52ce-45bb-96e3-7a1ac611cd4f","51.8532","41","492","1010.55","0"
"237","2024-05-08 01:31:12","Ua5f5a2a7fba3c4756d3aa39dbf670e6a","c9f02fdf-52ce-45bb-96e3-7a1ac611cd4f","51.3831","54","517","1010.52","0"
"238","2024-05-08 01:31:22","Ua5f5a2a7fba3c4756d3aa39dbf670e6a","c9f02fdf-52ce-45bb-96e3-7a1ac611cd4f","51.321","49","494","1010.54","0"
"239","2024-05-08 01:31:33","Ua5f5a2a7fba3c4756d3aa39dbf670e6a","c9f02fdf-52ce-45bb-96e3-7a1ac611cd4f","51.1565","52","496","1010.53","0"
"240","2024-05-08 01:31:43","Ua5f5a2a7fba3c4756d3aa39dbf670e6a","c9f02fdf-52ce-45bb-96e3-7a1ac611cd4f","51.1683","72","533","1010.57","0"
"241","2024-05-08 01:31:53","Ua5f5a2a7fba3c4756d3aa39dbf670e6a","c9f02fdf-52ce-45bb-96e3-7a1ac611cd4f","51.1575","72","514","1010.57","0"
"242","2024-05-08 01:32:03","Ua5f5a2a7fba3c4756d3aa39dbf670e6a","c9f02fdf-52ce-45bb-96e3-7a1ac611cd4f","51.2125","87","541","1010.61","0"
"243","2024-05-08 01:32:13","Ua5f5a2a7fba3c4756d3aa39dbf670e6a","c9f02fdf-52ce-45bb-96e3-7a1ac611cd4f","51.0758","73","531","1010.62","0"
"244","2024-05-08 01:32:23","Ua5f5a2a7fba3c4756d3aa39dbf670e6a","c9f02fdf-52ce-45bb-96e3-7a1ac611cd4f","51.1114","83","541","1010.54","0"
"245","2024-05-08 01:32:33","Ua5f5a2a7fba3c4756d3aa39dbf670e6a","c9f02fdf-52ce-45bb-96e3-7a1ac611cd4f","51.0453","93","576","1010.55","0"
"246","2024-05-08 01:32:43","Ua5f5a2a7fba3c4756d3aa39dbf670e6a","c9f02fdf-52ce-45bb-96e3-7a1ac611cd4f","51.2975","89","551","1010.55","0"
"247","2024-05-08 01:32:53","Ua5f5a2a7fba3c4756d3aa39dbf670e6a","c9f02fdf-52ce-45bb-96e3-7a1ac611cd4f","50.8482","97","550","1010.58","0"
"248","2024-05-08 01:33:04","Ua5f5a2a7fba3c4756d3aa39dbf670e6a","c9f02fdf-52ce-45bb-96e3-7a1ac611cd4f","50.7389","92","528","1010.52","0"
"249","2024-05-08 01:33:14","Ua5f5a2a7fba3c4756d3aa39dbf670e6a","c9f02fdf-52ce-45bb-96e3-7a1ac611cd4f","50.5795","84","518","1010.58","0"
"250","2024-05-08 01:33:24","Ua5f5a2a7fba3c4756d3aa39dbf670e6a","c9f02fdf-52ce-45bb-96e3-7a1ac611cd4f","50.5754","91","536","1010.57","0"
"251","2024-05-08 01:33:34","Ua5f5a2a7fba3c4756d3aa39dbf670e6a","c9f02fdf-52ce-45bb-96e3-7a1ac611cd4f","50.1439","75","501","1010.55","0"
"252","2024-05-08 01:33:44","Ua5f5a2a7fba3c4756d3aa39dbf670e6a","c9f02fdf-52ce-45bb-96e3-7a1ac611cd4f","49.9321","67","482","1010.52","0"
"253","2024-05-08 01:33:54","Ua5f5a2a7fba3c4756d3aa39dbf670e6a","c9f02fdf-52ce-45bb-96e3-7a1ac611cd4f","50.1803","54","466","1010.56","0"
"254","2024-05-08 01:34:04","Ua5f5a2a7fba3c4756d3aa39dbf670e6a","c9f02fdf-52ce-45bb-96e3-7a1ac611cd4f","50.5501","50","476","1010.6","0"
"255","2024-05-08 01:34:14","Ua5f5a2a7fba3c4756d3aa39dbf670e6a","c9f02fdf-52ce-45bb-96e3-7a1ac611cd4f","50.5854","24","438","1010.59","0"
"256","2024-05-08 01:34:24","Ua5f5a2a7fba3c4756d3aa39dbf670e6a","c9f02fdf-52ce-45bb-96e3-7a1ac611cd4f","50.9212","35","436","1010.54","0"
"257","2024-05-08 01:34:34","Ua5f5a2a7fba3c4756d3aa39dbf670e6a","c9f02fdf-52ce-45bb-96e3-7a1ac611cd4f","50.9805","25","439","1010.56","0"
"258","2024-05-08 01:34:45","Ua5f5a2a7fba3c4756d3aa39dbf670e6a","c9f02fdf-52ce-45bb-96e3-7a1ac611cd4f","50.6685","10","405","1010.53","0"
"259","2024-05-08 01:34:55","Ua5f5a2a7fba3c4756d3aa39dbf670e6a","c9f02fdf-52ce-45bb-96e3-7a1ac611cd4f","50.7565","8","417","1010.57","0"
"260","2024-05-08 01:35:05","Ua5f5a2a7fba3c4756d3aa39dbf670e6a","c9f02fdf-52ce-45bb-96e3-7a1ac611cd4f","51.0592","5","418","1010.53","0"
"261","2024-05-08 01:35:15","Ua5f5a2a7fba3c4756d3aa39dbf670e6a","c9f02fdf-52ce-45bb-96e3-7a1ac611cd4f","50.8156","0","402","1010.52","0"
"262","2024-05-08 01:35:25","Ua5f5a2a7fba3c4756d3aa39dbf670e6a","c9f02fdf-52ce-45bb-96e3-7a1ac611cd4f","50.8732","6","424","1010.57","0"
"263","2024-05-08 01:35:35","Ua5f5a2a7fba3c4756d3aa39dbf670e6a","c9f02fdf-52ce-45bb-96e3-7a1ac611cd4f","50.8755","5","427","1010.55","0"
"264","2024-05-08 01:35:45","Ua5f5a2a7fba3c4756d3aa39dbf670e6a","c9f02fdf-52ce-45bb-96e3-7a1ac611cd4f","50.7247","5","425","1010.55","0"
"265","2024-05-09 14:15:22","Ua5f5a2a7fba3c4756d3aa39dbf670e6a","c9f02fdf-52ce-45bb-96e3-7a1ac611cd4f","70.1383","0","400","1005.64","0"
"266","2024-05-09 14:15:32","Ua5f5a2a7fba3c4756d3aa39dbf670e6a","c9f02fdf-52ce-45bb-96e3-7a1ac611cd4f","70.323","0","400","1005.68","1"
"267","2024-05-09 14:15:42","Ua5f5a2a7fba3c4756d3aa39dbf670e6a","c9f02fdf-52ce-45bb-96e3-7a1ac611cd4f","70.7537","0","400","1005.71","1"
"268","2024-05-09 14:15:52","Ua5f5a2a7fba3c4756d3aa39dbf670e6a","c9f02fdf-52ce-45bb-96e3-7a1ac611cd4f","71.0382","0","400","1005.69","1"
"269","2024-05-09 14:16:02","Ua5f5a2a7fba3c4756d3aa39dbf670e6a","c9f02fdf-52ce-45bb-96e3-7a1ac611cd4f","70.8977","0","400","1005.69","0"
"270","2024-05-09 14:16:12","Ua5f5a2a7fba3c4756d3aa39dbf670e6a","c9f02fdf-52ce-45bb-96e3-7a1ac611cd4f","70.9364","0","400","1005.66","1"
"272","2024-05-09 14:17:17","Ua5f5a2a7fba3c4756d3aa39dbf670e6a","c9f02fdf-52ce-45bb-96e3-7a1ac611cd4f","69.9381","0","400","1005.65","1"
"273","2024-05-09 14:17:27","Ua5f5a2a7fba3c4756d3aa39dbf670e6a","c9f02fdf-52ce-45bb-96e3-7a1ac611cd4f","70.058","0","400","1005.68","1"
"274","2024-05-09 14:17:37","Ua5f5a2a7fba3c4756d3aa39dbf670e6a","c9f02fdf-52ce-45bb-96e3-7a1ac611cd4f","70.2793","11","449","1005.62","1"
"275","2024-05-09 14:17:47","Ua5f5a2a7fba3c4756d3aa39dbf670e6a","c9f02fdf-52ce-45bb-96e3-7a1ac611cd4f","70.412","12","456","1005.61","1"
"276","2024-05-09 14:17:58","Ua5f5a2a7fba3c4756d3aa39dbf670e6a","c9f02fdf-52ce-45bb-96e3-7a1ac611cd4f","70.5768","27","463","1005.6","1"
"277","2024-05-09 14:18:08","Ua5f5a2a7fba3c4756d3aa39dbf670e6a","c9f02fdf-52ce-45bb-96e3-7a1ac611cd4f","70.8565","35","496","1005.62","1"
"278","2024-05-09 14:18:18","Ua5f5a2a7fba3c4756d3aa39dbf670e6a","c9f02fdf-52ce-45bb-96e3-7a1ac611cd4f","70.7932","54","518","1005.62","1"
"279","2024-05-09 14:18:28","Ua5f5a2a7fba3c4756d3aa39dbf670e6a","c9f02fdf-52ce-45bb-96e3-7a1ac611cd4f","70.5484","64","504","1005.6","1"
"280","2024-05-09 14:18:58","Ua5f5a2a7fba3c4756d3aa39dbf670e6a","c9f02fdf-52ce-45bb-96e3-7a1ac611cd4f","69.9675","85","545","1005.6","1"
"281","2024-05-09 14:19:08","Ua5f5a2a7fba3c4756d3aa39dbf670e6a","c9f02fdf-52ce-45bb-96e3-7a1ac611cd4f","69.7478","86","535","1005.63","1"
"282","2024-05-09 14:19:18","Ua5f5a2a7fba3c4756d3aa39dbf670e6a","c9f02fdf-52ce-45bb-96e3-7a1ac611cd4f","69.741","105","571","1005.61","1"
"283","2024-05-09 14:19:28","Ua5f5a2a7fba3c4756d3aa39dbf670e6a","c9f02fdf-52ce-45bb-96e3-7a1ac611cd4f","69.8052","90","545","1005.58","1"
"284","2024-05-09 14:19:39","Ua5f5a2a7fba3c4756d3aa39dbf670e6a","c9f02fdf-52ce-45bb-96e3-7a1ac611cd4f","69.9494","103","573","1005.64","1"
"285","2024-05-09 14:19:49","Ua5f5a2a7fba3c4756d3aa39dbf670e6a","c9f02fdf-52ce-45bb-96e3-7a1ac611cd4f","69.8535","111","561","1005.6","1"
"286","2024-05-09 14:19:59","Ua5f5a2a7fba3c4756d3aa39dbf670e6a","c9f02fdf-52ce-45bb-96e3-7a1ac611cd4f","70.1163","107","562","1005.6","1"
"287","2024-05-09 14:20:09","Ua5f5a2a7fba3c4756d3aa39dbf670e6a","c9f02fdf-52ce-45bb-96e3-7a1ac611cd4f","69.783","70","478","1005.61","1"
"288","2024-05-09 14:20:19","Ua5f5a2a7fba3c4756d3aa39dbf670e6a","c9f02fdf-52ce-45bb-96e3-7a1ac611cd4f","70.2825","57","469","1005.61","1"
"289","2024-05-09 14:20:29","Ua5f5a2a7fba3c4756d3aa39dbf670e6a","c9f02fdf-52ce-45bb-96e3-7a1ac611cd4f","69.8654","65","493","1005.65","1"
"290","2024-05-09 14:20:39","Ua5f5a2a7fba3c4756d3aa39dbf670e6a","c9f02fdf-52ce-45bb-96e3-7a1ac611cd4f","70.0106","41","457","1005.59","1"
"291","2024-05-09 14:20:51","Ua5f5a2a7fba3c4756d3aa39dbf670e6a","c9f02fdf-52ce-45bb-96e3-7a1ac611cd4f","70.0996","35","424","1005.58","1"
"292","2024-05-09 14:20:59","Ua5f5a2a7fba3c4756d3aa39dbf670e6a","c9f02fdf-52ce-45bb-96e3-7a1ac611cd4f","70.1909","0","400","1005.58","1"
"293","2024-05-09 14:21:09","Ua5f5a2a7fba3c4756d3aa39dbf670e6a","c9f02fdf-52ce-45bb-96e3-7a1ac611cd4f","70.6016","4","401","1005.59","1"
"294","2024-05-09 14:21:20","Ua5f5a2a7fba3c4756d3aa39dbf670e6a","c9f02fdf-52ce-45bb-96e3-7a1ac611cd4f","70.4676","0","412","1005.57","1"
"295","2024-05-09 14:21:30","Ua5f5a2a7fba3c4756d3aa39dbf670e6a","c9f02fdf-52ce-45bb-96e3-7a1ac611cd4f","70.6553","0","400","1005.58","1"
"296","2024-05-09 14:21:40","Ua5f5a2a7fba3c4756d3aa39dbf670e6a","c9f02fdf-52ce-45bb-96e3-7a1ac611cd4f","70.4446","60000","405","1005.61","1"
"297","2024-05-09 14:21:50","Ua5f5a2a7fba3c4756d3aa39dbf670e6a","c9f02fdf-52ce-45bb-96e3-7a1ac611cd4f","70.8575","60000","407","1005.66","1"
"298","2024-05-09 14:22:00","Ua5f5a2a7fba3c4756d3aa39dbf670e6a","c9f02fdf-52ce-45bb-96e3-7a1ac611cd4f","71.3785","60000","407","1005.64","0"
"299","2024-05-09 14:22:10","Ua5f5a2a7fba3c4756d3aa39dbf670e6a","c9f02fdf-52ce-45bb-96e3-7a1ac611cd4f","71.9837","60000","407","1005.63","1"
"300","2024-05-09 14:22:20","Ua5f5a2a7fba3c4756d3aa39dbf670e6a","c9f02fdf-52ce-45bb-96e3-7a1ac611cd4f","72.1741","60000","407","1005.71","0"
"301","2024-05-09 14:22:30","Ua5f5a2a7fba3c4756d3aa39dbf670e6a","c9f02fdf-52ce-45bb-96e3-7a1ac611cd4f","71.9713","60000","407","1005.72","1"
"302","2024-05-09 14:22:40","Ua5f5a2a7fba3c4756d3aa39dbf670e6a","c9f02fdf-52ce-45bb-96e3-7a1ac611cd4f","72.1172","60000","407","1005.7","1"
"303","2024-05-09 14:22:51","Ua5f5a2a7fba3c4756d3aa39dbf670e6a","c9f02fdf-52ce-45bb-96e3-7a1ac611cd4f","71.9044","60000","400","1005.67","1"
"304","2024-05-09 14:23:02","Ua5f5a2a7fba3c4756d3aa39dbf670e6a","c9f02fdf-52ce-45bb-96e3-7a1ac611cd4f","72.476","60000","400","1005.7","0"
"305","2024-05-09 14:23:11","Ua5f5a2a7fba3c4756d3aa39dbf670e6a","c9f02fdf-52ce-45bb-96e3-7a1ac611cd4f","72.5963","60000","400","1005.7","0"
"306","2024-05-09 14:23:36","Ua5f5a2a7fba3c4756d3aa39dbf670e6a","c9f02fdf-52ce-45bb-96e3-7a1ac611cd4f","76.7296","0","400","1005.7","1"
"307","2024-05-10 14:07:28","Ua5f5a2a7fba3c4756d3aa39dbf670e6a","c9f02fdf-52ce-45bb-96e3-7a1ac611cd4f","74.0185","0","400","1008.11","0"
"308","2024-05-10 14:07:38","Ua5f5a2a7fba3c4756d3aa39dbf670e6a","c9f02fdf-52ce-45bb-96e3-7a1ac611cd4f","65.5552","0","400","1008.1","0"
"309","2024-05-10 14:07:49","Ua5f5a2a7fba3c4756d3aa39dbf670e6a","c9f02fdf-52ce-45bb-96e3-7a1ac611cd4f","65.6297","1","415","1008.09","0"
"310","2024-05-10 14:07:59","Ua5f5a2a7fba3c4756d3aa39dbf670e6a","c9f02fdf-52ce-45bb-96e3-7a1ac611cd4f","65.7225","15","441","1008.13","0"
"311","2024-05-10 14:08:08","Ua5f5a2a7fba3c4756d3aa39dbf670e6a","c9f02fdf-52ce-45bb-96e3-7a1ac611cd4f","65.6987","19","429","1008.1","0"
"312","2024-05-10 14:08:19","Ua5f5a2a7fba3c4756d3aa39dbf670e6a","c9f02fdf-52ce-45bb-96e3-7a1ac611cd4f","65.5897","14","415","1008.06","0"
"313","2024-05-10 14:08:29","Ua5f5a2a7fba3c4756d3aa39dbf670e6a","c9f02fdf-52ce-45bb-96e3-7a1ac611cd4f","65.5447","23","419","1008.1","0"
"314","2024-05-10 14:08:39","Ua5f5a2a7fba3c4756d3aa39dbf670e6a","c9f02fdf-52ce-45bb-96e3-7a1ac611cd4f","65.637","17","402","1008.12","0"
"315","2024-05-10 14:08:49","Ua5f5a2a7fba3c4756d3aa39dbf670e6a","c9f02fdf-52ce-45bb-96e3-7a1ac611cd4f","65.6914","7","400","1008.09","0"
"316","2024-05-10 14:08:59","Ua5f5a2a7fba3c4756d3aa39dbf670e6a","c9f02fdf-52ce-45bb-96e3-7a1ac611cd4f","65.6292","11","400","1008.12","0"
"317","2024-05-10 14:09:09","Ua5f5a2a7fba3c4756d3aa39dbf670e6a","c9f02fdf-52ce-45bb-96e3-7a1ac611cd4f","65.3703","22","412","1008.12","0"
"318","2024-05-10 14:09:19","Ua5f5a2a7fba3c4756d3aa39dbf670e6a","c9f02fdf-52ce-45bb-96e3-7a1ac611cd4f","65.7744","12","400","1008.09","0"
"319","2024-05-10 14:09:29","Ua5f5a2a7fba3c4756d3aa39dbf670e6a","c9f02fdf-52ce-45bb-96e3-7a1ac611cd4f","65.8933","18","400","1008.09","0"
"320","2024-05-10 14:09:39","Ua5f5a2a7fba3c4756d3aa39dbf670e6a","c9f02fdf-52ce-45bb-96e3-7a1ac611cd4f","65.9116","18","420","1008.04","0"
"321","2024-05-10 14:09:50","Ua5f5a2a7fba3c4756d3aa39dbf670e6a","c9f02fdf-52ce-45bb-96e3-7a1ac611cd4f","66.2996","25","435","1008.04","0"
"322","2024-05-10 14:10:00","Ua5f5a2a7fba3c4756d3aa39dbf670e6a","c9f02fdf-52ce-45bb-96e3-7a1ac611cd4f","65.9628","19","405","1008.04","0"
"323","2024-05-10 14:10:10","Ua5f5a2a7fba3c4756d3aa39dbf670e6a","c9f02fdf-52ce-45bb-96e3-7a1ac611cd4f","65.9523","7","400","1008.02","0"
"324","2024-05-10 14:10:20","Ua5f5a2a7fba3c4756d3aa39dbf670e6a","c9f02fdf-52ce-45bb-96e3-7a1ac611cd4f","65.9645","0","400","1008.04","0"
"325","2024-05-10 14:10:30","Ua5f5a2a7fba3c4756d3aa39dbf670e6a","c9f02fdf-52ce-45bb-96e3-7a1ac611cd4f","66.1676","9","400","1008.1","0"
"326","2024-05-10 14:10:40","Ua5f5a2a7fba3c4756d3aa39dbf670e6a","c9f02fdf-52ce-45bb-96e3-7a1ac611cd4f","65.9563","2","400","1008.08","0"
"327","2024-05-10 14:10:50","Ua5f5a2a7fba3c4756d3aa39dbf670e6a","c9f02fdf-52ce-45bb-96e3-7a1ac611cd4f","66.0292","0","400","1008.04","0"
"328","2024-05-10 14:11:00","Ua5f5a2a7fba3c4756d3aa39dbf670e6a","c9f02fdf-52ce-45bb-96e3-7a1ac611cd4f","66.2412","17","451","1008.03","0"
"329","2024-05-10 14:11:10","Ua5f5a2a7fba3c4756d3aa39dbf670e6a","c9f02fdf-52ce-45bb-96e3-7a1ac611cd4f","66.0497","0","413","1008.03","0"
"330","2024-05-10 14:11:20","Ua5f5a2a7fba3c4756d3aa39dbf670e6a","c9f02fdf-52ce-45bb-96e3-7a1ac611cd4f","66.1622","21","445","1007.99","0"
"331","2024-05-10 14:11:31","Ua5f5a2a7fba3c4756d3aa39dbf670e6a","c9f02fdf-52ce-45bb-96e3-7a1ac611cd4f","66.2742","0","400","1007.99","0"
"332","2024-05-10 14:11:40","Ua5f5a2a7fba3c4756d3aa39dbf670e6a","c9f02fdf-52ce-45bb-96e3-7a1ac611cd4f","66.7479","60000","408","1008.07","0"
"333","2024-05-10 14:11:51","Ua5f5a2a7fba3c4756d3aa39dbf670e6a","c9f02fdf-52ce-45bb-96e3-7a1ac611cd4f","67.0178","60000","413","1008.01","0"
"334","2024-05-10 14:12:01","Ua5f5a2a7fba3c4756d3aa39dbf670e6a","c9f02fdf-52ce-45bb-96e3-7a1ac611cd4f","67.5633","60000","414","1008.04","0"
"335","2024-05-10 14:12:11","Ua5f5a2a7fba3c4756d3aa39dbf670e6a","c9f02fdf-52ce-45bb-96e3-7a1ac611cd4f","66.3702","60000","417","1008","0"
"336","2024-05-10 14:12:21","Ua5f5a2a7fba3c4756d3aa39dbf670e6a","c9f02fdf-52ce-45bb-96e3-7a1ac611cd4f","66.5021","60000","419","1008","1"
"337","2024-05-10 14:12:31","Ua5f5a2a7fba3c4756d3aa39dbf670e6a","c9f02fdf-52ce-45bb-96e3-7a1ac611cd4f","66.4305","60000","419","1008.01","0"
"338","2024-05-10 14:12:41","Ua5f5a2a7fba3c4756d3aa39dbf670e6a","c9f02fdf-52ce-45bb-96e3-7a1ac611cd4f","66.5276","60000","419","1007.99","0"
"339","2024-05-10 14:12:51","Ua5f5a2a7fba3c4756d3aa39dbf670e6a","c9f02fdf-52ce-45bb-96e3-7a1ac611cd4f","66.5205","60000","419","1008","0"
"340","2024-05-10 14:13:01","Ua5f5a2a7fba3c4756d3aa39dbf670e6a","c9f02fdf-52ce-45bb-96e3-7a1ac611cd4f","66.4109","60000","419","1008.01","0"
"341","2024-05-10 14:13:12","Ua5f5a2a7fba3c4756d3aa39dbf670e6a","c9f02fdf-52ce-45bb-96e3-7a1ac611cd4f","66.6364","60000","419","1008","0"
"342","2024-05-10 14:13:22","Ua5f5a2a7fba3c4756d3aa39dbf670e6a","c9f02fdf-52ce-45bb-96e3-7a1ac611cd4f","67.0876","60000","419","1007.97","0"
"343","2024-05-10 14:13:32","Ua5f5a2a7fba3c4756d3aa39dbf670e6a","c9f02fdf-52ce-45bb-96e3-7a1ac611cd4f","66.9106","60000","419","1007.99","0"
"344","2024-05-10 14:13:42","Ua5f5a2a7fba3c4756d3aa39dbf670e6a","c9f02fdf-52ce-45bb-96e3-7a1ac611cd4f","66.7867","60000","419","1008.01","0"
"345","2024-05-10 14:13:52","Ua5f5a2a7fba3c4756d3aa39dbf670e6a","c9f02fdf-52ce-45bb-96e3-7a1ac611cd4f","67.2163","60000","419","1007.99","0"
"346","2024-05-10 14:14:02","Ua5f5a2a7fba3c4756d3aa39dbf670e6a","c9f02fdf-52ce-45bb-96e3-7a1ac611cd4f","67.1384","60000","419","1007.98","0"
"347","2024-05-10 14:14:12","Ua5f5a2a7fba3c4756d3aa39dbf670e6a","c9f02fdf-52ce-45bb-96e3-7a1ac611cd4f","66.788","60000","419","1007.97","0"
"348","2024-05-10 14:14:23","Ua5f5a2a7fba3c4756d3aa39dbf670e6a","c9f02fdf-52ce-45bb-96e3-7a1ac611cd4f","67.0308","60000","419","1007.97","0"
"349","2024-05-10 14:14:32","Ua5f5a2a7fba3c4756d3aa39dbf670e6a","c9f02fdf-52ce-45bb-96e3-7a1ac611cd4f","66.8438","60000","419","1008.01","0"
"350","2024-05-10 14:14:43","Ua5f5a2a7fba3c4756d3aa39dbf670e6a","c9f02fdf-52ce-45bb-96e3-7a1ac611cd4f","67.105","60000","419","1007.99","0"
"351","2024-05-10 14:14:53","Ua5f5a2a7fba3c4756d3aa39dbf670e6a","c9f02fdf-52ce-45bb-96e3-7a1ac611cd4f","67.8796","60000","419","1007.99","0"
"352","2024-05-10 14:15:02","Ua5f5a2a7fba3c4756d3aa39dbf670e6a","c9f02fdf-52ce-45bb-96e3-7a1ac611cd4f","67.8488","60000","419","1007.98","0"
"353","2024-05-10 14:15:13","Ua5f5a2a7fba3c4756d3aa39dbf670e6a","c9f02fdf-52ce-45bb-96e3-7a1ac611cd4f","66.9349","60000","419","1007.98","0"
"354","2024-05-10 14:15:23","Ua5f5a2a7fba3c4756d3aa39dbf670e6a","c9f02fdf-52ce-45bb-96e3-7a1ac611cd4f","66.9109","60000","419","1008.04","0"
"355","2024-05-10 14:15:33","Ua5f5a2a7fba3c4756d3aa39dbf670e6a","c9f02fdf-52ce-45bb-96e3-7a1ac611cd4f","66.8272","60000","419","1008.01","0"
"356","2024-05-10 14:15:43","Ua5f5a2a7fba3c4756d3aa39dbf670e6a","c9f02fdf-52ce-45bb-96e3-7a1ac611cd4f","67.6777","60000","419","1008.05","0"
"357","2024-05-10 14:15:53","Ua5f5a2a7fba3c4756d3aa39dbf670e6a","c9f02fdf-52ce-45bb-96e3-7a1ac611cd4f","67.8911","60000","419","1008.01","0"
"358","2024-05-10 14:16:03","Ua5f5a2a7fba3c4756d3aa39dbf670e6a","c9f02fdf-52ce-45bb-96e3-7a1ac611cd4f","68.0807","60000","419","1008.03","0"
"359","2024-05-10 14:16:13","Ua5f5a2a7fba3c4756d3aa39dbf670e6a","c9f02fdf-52ce-45bb-96e3-7a1ac611cd4f","67.7084","60000","419","1008.06","0"
"360","2024-05-10 14:16:24","Ua5f5a2a7fba3c4756d3aa39dbf670e6a","c9f02fdf-52ce-45bb-96e3-7a1ac611cd4f","67.9336","60000","419","1007.98","0"
"361","2024-05-10 14:16:34","Ua5f5a2a7fba3c4756d3aa39dbf670e6a","c9f02fdf-52ce-45bb-96e3-7a1ac611cd4f","67.549","60000","419","1008.01","0"
"362","2024-05-10 14:16:44","Ua5f5a2a7fba3c4756d3aa39dbf670e6a","c9f02fdf-52ce-45bb-96e3-7a1ac611cd4f","67.3067","60000","419","1008.03","0"
"363","2024-05-10 14:16:54","Ua5f5a2a7fba3c4756d3aa39dbf670e6a","c9f02fdf-52ce-45bb-96e3-7a1ac611cd4f","67.1203","60000","419","1008.02","0"
"364","2024-05-10 14:17:04","Ua5f5a2a7fba3c4756d3aa39dbf670e6a","c9f02fdf-52ce-45bb-96e3-7a1ac611cd4f","67.5337","60000","419","1007.98","0"
"365","2024-05-10 14:17:14","Ua5f5a2a7fba3c4756d3aa39dbf670e6a","c9f02fdf-52ce-45bb-96e3-7a1ac611cd4f","68.015","60000","419","1007.99","0"
"366","2024-05-10 14:17:24","Ua5f5a2a7fba3c4756d3aa39dbf670e6a","c9f02fdf-52ce-45bb-96e3-7a1ac611cd4f","67.7948","60000","419","1007.99","0"
"367","2024-05-10 14:17:34","Ua5f5a2a7fba3c4756d3aa39dbf670e6a","c9f02fdf-52ce-45bb-96e3-7a1ac611cd4f","67.9296","60000","419","1007.96","0"
"368","2024-05-10 14:17:44","Ua5f5a2a7fba3c4756d3aa39dbf670e6a","c9f02fdf-52ce-45bb-96e3-7a1ac611cd4f","67.7386","60000","419","1007.94","0"
"369","2024-05-10 14:17:54","Ua5f5a2a7fba3c4756d3aa39dbf670e6a","c9f02fdf-52ce-45bb-96e3-7a1ac611cd4f","68.106","60000","419","1007.95","0"
"370","2024-05-10 14:18:04","Ua5f5a2a7fba3c4756d3aa39dbf670e6a","c9f02fdf-52ce-45bb-96e3-7a1ac611cd4f","67.5296","60000","419","1007.92","0"
"371","2024-05-10 14:18:15","Ua5f5a2a7fba3c4756d3aa39dbf670e6a","c9f02fdf-52ce-45bb-96e3-7a1ac611cd4f","68.2596","60000","419","1007.97","0"
"372","2024-05-10 14:18:25","Ua5f5a2a7fba3c4756d3aa39dbf670e6a","c9f02fdf-52ce-45bb-96e3-7a1ac611cd4f","68.0624","60000","419","1008.02","0"
"373","2024-05-10 14:18:35","Ua5f5a2a7fba3c4756d3aa39dbf670e6a","c9f02fdf-52ce-45bb-96e3-7a1ac611cd4f","67.9866","60000","419","1007.99","0"
"374","2024-05-10 14:18:45","Ua5f5a2a7fba3c4756d3aa39dbf670e6a","c9f02fdf-52ce-45bb-96e3-7a1ac611cd4f","67.9836","60000","419","1007.94","0"
"375","2024-05-10 14:18:55","Ua5f5a2a7fba3c4756d3aa39dbf670e6a","c9f02fdf-52ce-45bb-96e3-7a1ac611cd4f","68.0487","60000","419","1007.98","0"
"376","2024-05-10 14:19:05","Ua5f5a2a7fba3c4756d3aa39dbf670e6a","c9f02fdf-52ce-45bb-96e3-7a1ac611cd4f","67.6525","60000","419","1008","0"
"377","2024-05-10 14:19:42","Ua5f5a2a7fba3c4756d3aa39dbf670e6a","c9f02fdf-52ce-45bb-96e3-7a1ac611cd4f","74.6048","0","400","1008","0"
"378","2024-05-10 14:19:52","Ua5f5a2a7fba3c4756d3aa39dbf670e6a","c9f02fdf-52ce-45bb-96e3-7a1ac611cd4f","67.2702","0","400","1008","0"
"379","2024-05-10 14:20:02","Ua5f5a2a7fba3c4756d3aa39dbf670e6a","c9f02fdf-52ce-45bb-96e3-7a1ac611cd4f","67.1858","0","421","1007.94","0"
"380","2024-05-10 14:21:11","Ua5f5a2a7fba3c4756d3aa39dbf670e6a","c9f02fdf-52ce-45bb-96e3-7a1ac611cd4f","66.1242","0","400","1007.95","0"
"381","2024-05-10 14:21:21","Ua5f5a2a7fba3c4756d3aa39dbf670e6a","c9f02fdf-52ce-45bb-96e3-7a1ac611cd4f","66.2893","0","400","1007.92","0"
"382","2024-05-10 14:21:32","Ua5f5a2a7fba3c4756d3aa39dbf670e6a","c9f02fdf-52ce-45bb-96e3-7a1ac611cd4f","66.2472","2","400","1007.89","0"
"383","2024-05-10 14:21:41","Ua5f5a2a7fba3c4756d3aa39dbf670e6a","c9f02fdf-52ce-45bb-96e3-7a1ac611cd4f","66.2905","7","402","1007.94","1"
"384","2024-05-10 14:21:51","Ua5f5a2a7fba3c4756d3aa39dbf670e6a","c9f02fdf-52ce-45bb-96e3-7a1ac611cd4f","66.0388","7","402","1007.89","0"
"385","2024-05-10 14:22:01","Ua5f5a2a7fba3c4756d3aa39dbf670e6a","c9f02fdf-52ce-45bb-96e3-7a1ac611cd4f","65.9482","22","431","1007.89","0"
"386","2024-05-10 14:22:12","Ua5f5a2a7fba3c4756d3aa39dbf670e6a","c9f02fdf-52ce-45bb-96e3-7a1ac611cd4f","65.8311","33","444","1007.93","0"
"387","2024-05-10 14:22:21","Ua5f5a2a7fba3c4756d3aa39dbf670e6a","c9f02fdf-52ce-45bb-96e3-7a1ac611cd4f","65.6816","46","465","1007.94","0"
"388","2024-05-10 14:22:32","Ua5f5a2a7fba3c4756d3aa39dbf670e6a","c9f02fdf-52ce-45bb-96e3-7a1ac611cd4f","65.8364","54","500","1007.87","0"
"389","2024-05-10 14:22:42","Ua5f5a2a7fba3c4756d3aa39dbf670e6a","c9f02fdf-52ce-45bb-96e3-7a1ac611cd4f","65.7852","45","471","1007.85","0"
"390","2024-05-10 14:22:52","Ua5f5a2a7fba3c4756d3aa39dbf670e6a","c9f02fdf-52ce-45bb-96e3-7a1ac611cd4f","65.7203","45","471","1007.91","0"
"391","2024-05-10 14:23:03","Ua5f5a2a7fba3c4756d3aa39dbf670e6a","c9f02fdf-52ce-45bb-96e3-7a1ac611cd4f","65.6675","44","454","1007.9","0"
"392","2024-05-10 14:23:12","Ua5f5a2a7fba3c4756d3aa39dbf670e6a","c9f02fdf-52ce-45bb-96e3-7a1ac611cd4f","65.5193","41","456","1007.86","0"
"393","2024-05-10 14:23:22","Ua5f5a2a7fba3c4756d3aa39dbf670e6a","c9f02fdf-52ce-45bb-96e3-7a1ac611cd4f","66.0034","39","438","1007.87","0"
"394","2024-05-10 14:23:33","Ua5f5a2a7fba3c4756d3aa39dbf670e6a","c9f02fdf-52ce-45bb-96e3-7a1ac611cd4f","65.9246","38","469","1007.86","0"
"395","2024-05-10 14:23:42","Ua5f5a2a7fba3c4756d3aa39dbf670e6a","c9f02fdf-52ce-45bb-96e3-7a1ac611cd4f","66.0278","46","481","1007.91","0"
"396","2024-05-10 14:23:53","Ua5f5a2a7fba3c4756d3aa39dbf670e6a","c9f02fdf-52ce-45bb-96e3-7a1ac611cd4f","65.5394","48","474","1007.9","0"
"397","2024-05-10 14:24:03","Ua5f5a2a7fba3c4756d3aa39dbf670e6a","c9f02fdf-52ce-45bb-96e3-7a1ac611cd4f","65.4644","64","506","1007.86","0"
"398","2024-05-10 14:24:13","Ua5f5a2a7fba3c4756d3aa39dbf670e6a","c9f02fdf-52ce-45bb-96e3-7a1ac611cd4f","65.4128","59","487","1007.93","0"
"399","2024-05-10 14:24:23","Ua5f5a2a7fba3c4756d3aa39dbf670e6a","c9f02fdf-52ce-45bb-96e3-7a1ac611cd4f","65.5943","46","459","1007.95","1"
"400","2024-05-10 14:24:33","Ua5f5a2a7fba3c4756d3aa39dbf670e6a","c9f02fdf-52ce-45bb-96e3-7a1ac611cd4f","65.6191","51","491","1007.95","0"
"401","2024-05-10 14:24:44","Ua5f5a2a7fba3c4756d3aa39dbf670e6a","c9f02fdf-52ce-45bb-96e3-7a1ac611cd4f","65.702","64","517","1007.96","0"
"402","2024-05-10 14:24:53","Ua5f5a2a7fba3c4756d3aa39dbf670e6a","c9f02fdf-52ce-45bb-96e3-7a1ac611cd4f","66.4125","84","583","1007.89","0"
"403","2024-05-10 14:25:03","Ua5f5a2a7fba3c4756d3aa39dbf670e6a","c9f02fdf-52ce-45bb-96e3-7a1ac611cd4f","65.8925","94","583","1007.9","0"
"404","2024-05-10 14:25:13","Ua5f5a2a7fba3c4756d3aa39dbf670e6a","c9f02fdf-52ce-45bb-96e3-7a1ac611cd4f","66.1411","89","578","1007.9","0"
"405","2024-05-10 14:25:24","Ua5f5a2a7fba3c4756d3aa39dbf670e6a","c9f02fdf-52ce-45bb-96e3-7a1ac611cd4f","65.9988","96","581","1007.88","0"
"406","2024-05-10 14:25:33","Ua5f5a2a7fba3c4756d3aa39dbf670e6a","c9f02fdf-52ce-45bb-96e3-7a1ac611cd4f","65.9858","89","573","1007.92","0"
"407","2024-05-10 14:25:43","Ua5f5a2a7fba3c4756d3aa39dbf670e6a","c9f02fdf-52ce-45bb-96e3-7a1ac611cd4f","66.4828","93","604","1007.9","0"
"408","2024-05-10 14:25:54","Ua5f5a2a7fba3c4756d3aa39dbf670e6a","c9f02fdf-52ce-45bb-96e3-7a1ac611cd4f","66.0853","91","588","1007.89","0"
"409","2024-05-10 14:26:04","Ua5f5a2a7fba3c4756d3aa39dbf670e6a","c9f02fdf-52ce-45bb-96e3-7a1ac611cd4f","65.8259","93","593","1007.84","0"
"410","2024-05-10 14:26:14","Ua5f5a2a7fba3c4756d3aa39dbf670e6a","c9f02fdf-52ce-45bb-96e3-7a1ac611cd4f","65.6215","91","578","1007.87","0"
"411","2024-05-10 14:26:24","Ua5f5a2a7fba3c4756d3aa39dbf670e6a","c9f02fdf-52ce-45bb-96e3-7a1ac611cd4f","65.7259","73","554","1007.88","1"
"412","2024-05-10 14:26:34","Ua5f5a2a7fba3c4756d3aa39dbf670e6a","c9f02fdf-52ce-45bb-96e3-7a1ac611cd4f","65.6519","38","488","1007.89","1"
"413","2024-05-10 14:29:40","Ua5f5a2a7fba3c4756d3aa39dbf670e6a","c9f02fdf-52ce-45bb-96e3-7a1ac611cd4f","65.9671","0","400","1007.9","1"
"414","2024-05-10 14:29:50","Ua5f5a2a7fba3c4756d3aa39dbf670e6a","c9f02fdf-52ce-45bb-96e3-7a1ac611cd4f","65.5139","0","400","1007.82","0"
"415","2024-05-10 14:30:00","Ua5f5a2a7fba3c4756d3aa39dbf670e6a","c9f02fdf-52ce-45bb-96e3-7a1ac611cd4f","65.6275","9","403","1007.82","0"
"416","2024-05-10 14:30:10","Ua5f5a2a7fba3c4756d3aa39dbf670e6a","c9f02fdf-52ce-45bb-96e3-7a1ac611cd4f","64.9579","0","400","1007.79","0"
"417","2024-05-10 14:30:20","Ua5f5a2a7fba3c4756d3aa39dbf670e6a","c9f02fdf-52ce-45bb-96e3-7a1ac611cd4f","64.8773","0","400","1007.86","0"
"418","2024-05-10 14:30:30","Ua5f5a2a7fba3c4756d3aa39dbf670e6a","c9f02fdf-52ce-45bb-96e3-7a1ac611cd4f","64.7463","4","400","1007.86","0"
"419","2024-05-10 14:30:41","Ua5f5a2a7fba3c4756d3aa39dbf670e6a","c9f02fdf-52ce-45bb-96e3-7a1ac611cd4f","64.7738","0","400","1007.78","0"
"420","2024-05-10 14:30:50","Ua5f5a2a7fba3c4756d3aa39dbf670e6a","c9f02fdf-52ce-45bb-96e3-7a1ac611cd4f","64.6726","12","400","1007.79","0"
"421","2024-05-10 14:31:01","Ua5f5a2a7fba3c4756d3aa39dbf670e6a","c9f02fdf-52ce-45bb-96e3-7a1ac611cd4f","64.7284","8","416","1007.76","0"
"422","2024-05-10 14:31:11","Ua5f5a2a7fba3c4756d3aa39dbf670e6a","c9f02fdf-52ce-45bb-96e3-7a1ac611cd4f","64.683","0","400","1007.77","0"
"423","2024-05-10 14:31:21","Ua5f5a2a7fba3c4756d3aa39dbf670e6a","c9f02fdf-52ce-45bb-96e3-7a1ac611cd4f","64.5269","3","400","1007.79","0"
"424","2024-05-10 14:32:19","Ua5f5a2a7fba3c4756d3aa39dbf670e6a","c9f02fdf-52ce-45bb-96e3-7a1ac611cd4f","64.0611","0","400","1007.83","0"
"425","2024-05-10 14:39:50","Ua5f5a2a7fba3c4756d3aa39dbf670e6a","c9f02fdf-52ce-45bb-96e3-7a1ac611cd4f","62.4143","0","400","1007.66","1"
"426","2024-05-10 14:42:02","Ua5f5a2a7fba3c4756d3aa39dbf670e6a","c9f02fdf-52ce-45bb-96e3-7a1ac611cd4f","61.398","0","400","1007.66","1"
"427","2024-05-10 14:48:42","Ua5f5a2a7fba3c4756d3aa39dbf670e6a","c9f02fdf-52ce-45bb-96e3-7a1ac611cd4f","61.6371","0","400","1007.48","0"
"428","2024-05-10 14:48:52","Ua5f5a2a7fba3c4756d3aa39dbf670e6a","c9f02fdf-52ce-45bb-96e3-7a1ac611cd4f","62.1662","0","400","1007.55","0"
"429","2024-05-10 14:49:04","Ua5f5a2a7fba3c4756d3aa39dbf670e6a","c9f02fdf-52ce-45bb-96e3-7a1ac611cd4f","61.9904","0","400","1007.55","0"
"430","2024-05-10 14:49:13","Ua5f5a2a7fba3c4756d3aa39dbf670e6a","c9f02fdf-52ce-45bb-96e3-7a1ac611cd4f","62.4775","14","413","1007.54","1"
"431","2024-05-10 14:49:23","Ua5f5a2a7fba3c4756d3aa39dbf670e6a","c9f02fdf-52ce-45bb-96e3-7a1ac611cd4f","61.9957","0","400","1007.51","0"
"432","2024-05-10 14:49:33","Ua5f5a2a7fba3c4756d3aa39dbf670e6a","c9f02fdf-52ce-45bb-96e3-7a1ac611cd4f","62.0415","0","415","1007.45","0"
"433","2024-05-10 14:49:43","Ua5f5a2a7fba3c4756d3aa39dbf670e6a","c9f02fdf-52ce-45bb-96e3-7a1ac611cd4f","62.3797","4","466","1007.49","0"
"434","2024-05-10 14:49:53","Ua5f5a2a7fba3c4756d3aa39dbf670e6a","c9f02fdf-52ce-45bb-96e3-7a1ac611cd4f","62.3048","33","509","1007.49","0"
"435","2024-05-10 14:50:03","Ua5f5a2a7fba3c4756d3aa39dbf670e6a","c9f02fdf-52ce-45bb-96e3-7a1ac611cd4f","62.6867","44","509","1007.52","0"
"436","2024-05-10 14:50:13","Ua5f5a2a7fba3c4756d3aa39dbf670e6a","c9f02fdf-52ce-45bb-96e3-7a1ac611cd4f","62.3409","48","547","1007.49","0"
"437","2024-05-10 14:50:23","Ua5f5a2a7fba3c4756d3aa39dbf670e6a","c9f02fdf-52ce-45bb-96e3-7a1ac611cd4f","62.4817","61","539","1007.48","0"
"438","2024-05-10 14:50:34","Ua5f5a2a7fba3c4756d3aa39dbf670e6a","c9f02fdf-52ce-45bb-96e3-7a1ac611cd4f","62.511","61","548","1007.46","0"
"439","2024-05-10 14:50:43","Ua5f5a2a7fba3c4756d3aa39dbf670e6a","c9f02fdf-52ce-45bb-96e3-7a1ac611cd4f","62.3637","60","536","1007.52","0"
"440","2024-05-10 14:50:53","Ua5f5a2a7fba3c4756d3aa39dbf670e6a","c9f02fdf-52ce-45bb-96e3-7a1ac611cd4f","62.4415","50","522","1007.46","0"
"441","2024-05-10 14:51:04","Ua5f5a2a7fba3c4756d3aa39dbf670e6a","c9f02fdf-52ce-45bb-96e3-7a1ac611cd4f","62.5284","59","554","1007.5","0"
"442","2024-05-10 14:51:14","Ua5f5a2a7fba3c4756d3aa39dbf670e6a","c9f02fdf-52ce-45bb-96e3-7a1ac611cd4f","62.5855","64","540","1007.48","0"
"443","2024-05-10 14:51:24","Ua5f5a2a7fba3c4756d3aa39dbf670e6a","c9f02fdf-52ce-45bb-96e3-7a1ac611cd4f","62.4756","67","555","1007.47","0"
"444","2024-05-10 14:51:34","Ua5f5a2a7fba3c4756d3aa39dbf670e6a","c9f02fdf-52ce-45bb-96e3-7a1ac611cd4f","62.5146","64","553","1007.52","0"
"445","2024-05-10 14:51:44","Ua5f5a2a7fba3c4756d3aa39dbf670e6a","c9f02fdf-52ce-45bb-96e3-7a1ac611cd4f","63.0176","56","545","1007.46","0"
"446","2024-05-10 14:51:54","Ua5f5a2a7fba3c4756d3aa39dbf670e6a","c9f02fdf-52ce-45bb-96e3-7a1ac611cd4f","62.5529","56","545","1007.47","0"
"447","2024-05-10 14:52:05","Ua5f5a2a7fba3c4756d3aa39dbf670e6a","c9f02fdf-52ce-45bb-96e3-7a1ac611cd4f","62.5358","60","545","1007.42","0"
"448","2024-05-10 14:52:15","Ua5f5a2a7fba3c4756d3aa39dbf670e6a","c9f02fdf-52ce-45bb-96e3-7a1ac611cd4f","62.7376","41","516","1007.47","0"
"449","2024-05-10 14:52:25","Ua5f5a2a7fba3c4756d3aa39dbf670e6a","c9f02fdf-52ce-45bb-96e3-7a1ac611cd4f","63.3275","61","556","1007.5","0"
"450","2024-05-10 14:52:35","Ua5f5a2a7fba3c4756d3aa39dbf670e6a","c9f02fdf-52ce-45bb-96e3-7a1ac611cd4f","63.1582","60","551","1007.52","0"
"451","2024-05-10 14:52:45","Ua5f5a2a7fba3c4756d3aa39dbf670e6a","c9f02fdf-52ce-45bb-96e3-7a1ac611cd4f","63.1953","39","510","1007.48","0"
"452","2024-05-10 14:52:55","Ua5f5a2a7fba3c4756d3aa39dbf670e6a","c9f02fdf-52ce-45bb-96e3-7a1ac611cd4f","62.922","40","507","1007.49","0"
"453","2024-05-10 14:53:05","Ua5f5a2a7fba3c4756d3aa39dbf670e6a","c9f02fdf-52ce-45bb-96e3-7a1ac611cd4f","62.6126","34","504","1007.44","0"
"454","2024-05-10 14:53:15","Ua5f5a2a7fba3c4756d3aa39dbf670e6a","c9f02fdf-52ce-45bb-96e3-7a1ac611cd4f","62.7142","37","502","1007.49","0"
"455","2024-05-10 14:53:25","Ua5f5a2a7fba3c4756d3aa39dbf670e6a","c9f02fdf-52ce-45bb-96e3-7a1ac611cd4f","62.8685","32","502","1007.43","0"
"456","2024-05-10 14:53:36","Ua5f5a2a7fba3c4756d3aa39dbf670e6a","c9f02fdf-52ce-45bb-96e3-7a1ac611cd4f","62.9315","33","500","1007.44","0"
"457","2024-05-10 14:53:45","Ua5f5a2a7fba3c4756d3aa39dbf670e6a","c9f02fdf-52ce-45bb-96e3-7a1ac611cd4f","62.9918","40","521","1007.42","0"
"458","2024-05-10 14:53:55","Ua5f5a2a7fba3c4756d3aa39dbf670e6a","c9f02fdf-52ce-45bb-96e3-7a1ac611cd4f","62.8244","40","512","1007.43","0"
"459","2024-05-10 14:54:06","Ua5f5a2a7fba3c4756d3aa39dbf670e6a","c9f02fdf-52ce-45bb-96e3-7a1ac611cd4f","63.0365","27","500","1007.4","0"
"460","2024-05-10 14:54:16","Ua5f5a2a7fba3c4756d3aa39dbf670e6a","c9f02fdf-52ce-45bb-96e3-7a1ac611cd4f","63.3153","43","521","1007.41","0"
"461","2024-05-10 14:54:26","Ua5f5a2a7fba3c4756d3aa39dbf670e6a","c9f02fdf-52ce-45bb-96e3-7a1ac611cd4f","63.6836","48","524","1007.44","0"
"462","2024-05-10 15:16:12","Ua5f5a2a7fba3c4756d3aa39dbf670e6a","c9f02fdf-52ce-45bb-96e3-7a1ac611cd4f","64.3661","0","400","1006.93","0"
"463","2024-05-10 15:16:46","Ua5f5a2a7fba3c4756d3aa39dbf670e6a","c9f02fdf-52ce-45bb-96e3-7a1ac611cd4f","64.9854","0","400","1006.88","0"
"464","2024-05-10 15:17:28","Ua5f5a2a7fba3c4756d3aa39dbf670e6a","c9f02fdf-52ce-45bb-96e3-7a1ac611cd4f","65.565","0","400","1006.96","0"
"465","2024-05-10 15:18:17","Ua5f5a2a7fba3c4756d3aa39dbf670e6a","c9f02fdf-52ce-45bb-96e3-7a1ac611cd4f","65.7457","0","401","1006.91","0"
"466","2024-05-10 15:19:34","Ua5f5a2a7fba3c4756d3aa39dbf670e6a","c9f02fdf-52ce-45bb-96e3-7a1ac611cd4f","65.0993","47","475","1006.84","0"
