Unnamed: 0,UTC,Temperature[C],Humidity[%],TVOC[ppb],eCO2[ppm],Raw H2,Raw Ethanol,Pressure[hPa],PM1.0,PM2.5,NC0.5,NC1.0,NC2.5,CNT,Fire Alarm
57249,1655124671,25.555,44.79,61,410,12825,20719,937.567,2.44,2.53,16.78,2.617,0.059,363,0
62025,1655129447,-17.546,19.17,60000,30178,10805,15522,936.771,12110.48,28538.89,43260.21,32081.258,15782.438,5139,0
59810,1655127232,20.643,42.37,166,413,12782,20554,937.398,1.97,2.05,13.58,2.118,0.048,2924,0
52071,1654713116,28.59,42.61,56,400,12795,20692,937.545,1.92,2.0,13.23,2.064,0.047,929,0
51816,1654712861,26.39,46.5,70,456,12785,20685,937.488,2.31,2.4,15.88,2.477,0.056,674,0
25157,1654761506,11.08,55.61,11,410,12562,19649,939.799,0.0,0.0,0.0,0.0,0.0,163,0
1090,1654734421,27.106,53.13,3,400,13055,19955,939.787,0.24,0.25,1.64,0.255,0.006,1090,0
59119,1655126541,-4.23,47.83,157,420,12778,20572,937.32,1.94,2.01,13.34,2.081,0.047,2233,0
26487,1654762836,17.95,49.47,2,400,13122,20020,939.701,0.55,0.57,3.75,0.585,0.013,1493,0
51899,1654712944,29.08,40.98,55,422,12789,20697,937.559,1.87,1.94,12.87,2.007,0.045,757,0
54379,1654715424,26.63,45.66,204,438,12765,20518,937.375,1.46,1.51,10.04,1.565,0.035,3237,0
61612,1655129034,9.76,20.07,4,400,13592,21153,936.827,0.81,0.84,5.59,0.872,0.02,4726,0
26504,1654762853,15.8,53.17,18,400,13107,20006,939.676,0.41,0.43,2.84,0.444,0.01,1510,0
58981,1655126403,-5.24,43.31,136,420,12776,20582,937.339,1.87,1.94,12.86,2.005,0.045,2095,0
60083,1655127505,18.138,49.02,209,443,12765,20508,937.385,1.69,1.75,11.61,1.81,0.041,3197,0
28172,1654764521,19.16,56.86,11,400,13347,20160,939.575,1.78,1.85,12.25,1.911,0.043,3178,1
51732,1654712777,29.46,39.94,54,401,12829,20707,937.524,2.26,2.35,15.54,2.423,0.055,590,0
54378,1654715423,26.74,44.98,211,445,12760,20514,937.378,1.43,1.48,9.83,1.532,0.035,3236,0
58505,1655125927,-5.189,45.34,112,415,12775,20604,937.433,1.71,1.78,11.77,1.835,0.041,1619,0
26507,1654762856,15.69,54.06,20,400,13108,20003,939.672,0.47,0.49,3.22,0.502,0.011,1513,0
54004,1654715049,28.75,42.49,170,424,12773,20546,937.415,1.83,1.9,12.61,1.966,0.044,2862,0
55739,1654716784,57.62,18.29,54128,975,12510,18413,936.914,0.89,0.93,6.13,0.956,0.022,4597,0
61052,1655128474,18.79,42.58,6454,400,13057,19549,936.901,0.41,0.42,2.8,0.437,0.01,4166,0
2862,1654736193,13.295,49.09,140,400,13156,20030,939.676,0.85,0.88,5.82,0.908,0.02,2862,0
1911,1654735242,23.296,47.28,68,400,13127,19998,939.612,0.61,0.64,4.22,0.659,0.015,1911,0
51512,1654712557,26.75,45.61,40,400,12838,20735,937.541,2.48,2.58,17.09,2.665,0.06,370,0
58495,1655125917,-5.32,40.99,92,400,12787,20632,937.439,1.92,1.99,13.21,2.06,0.047,1609,0
62323,1655129745,-19.219,11.49,4717,400,13416,19703,936.686,0.62,0.65,4.3,0.67,0.015,5437,0
53039,1654714084,28.6,41.92,138,404,12785,20586,937.371,1.85,1.92,12.73,1.985,0.045,1897,0
103,1654733434,21.427,55.53,16,406,12537,19629,939.788,0.08,0.24,0.14,0.27,0.154,103,0
980,1654734311,27.106,52.59,3,400,13030,19946,939.756,0.15,0.15,1.03,0.16,0.004,980,0
26914,1654763263,17.2,50.07,80,400,13109,19967,939.603,0.62,0.64,4.24,0.661,0.015,1920,0
52526,1654713571,26.33,46.3,91,400,12785,20632,937.426,1.75,1.82,12.08,1.883,0.043,1384,0
27433,1654763782,20.37,47.36,23,400,13206,20130,939.619,1.1,1.14,7.54,1.176,0.027,2439,0
2189,1654735520,20.812,49.47,0,400,13195,20140,939.618,0.87,0.9,5.99,0.934,0.021,2189,0
52571,1654713616,29.04,40.88,49,400,12798,20685,937.468,1.8,1.87,12.39,1.932,0.044,1429,0
52267,1654713312,29.07,40.86,107,400,12776,20622,937.484,1.65,1.71,11.34,1.768,0.04,1125,0
55438,1654716483,43.17,29.1,5263,400,13047,19634,936.889,0.76,0.79,5.23,0.815,0.018,4296,0
361,1654733692,24.25,50.0,15,400,12696,19733,939.801,0.06,0.08,0.37,0.088,0.02,361,0
58000,1655125422,-7.612,41.71,94,400,12784,20648,937.496,1.91,1.98,13.15,2.051,0.046,1114,0
54205,1654715250,26.23,47.66,194,445,12764,20533,937.364,1.37,1.42,9.42,1.469,0.033,3063,0
60740,1655128162,13.542,46.39,16,400,13271,21133,937.163,1.72,1.78,11.81,1.842,0.042,3854,0
53043,1654714088,28.72,41.63,133,400,12786,20583,937.386,1.72,1.78,11.81,1.842,0.042,1901,0
60597,1655128019,12.231,38.51,0,400,13448,21297,937.369,1.98,2.06,13.63,2.126,0.048,3711,0
2932,1654736263,12.438,51.55,148,400,13158,20022,939.63,0.93,0.97,6.43,1.003,0.023,2932,0
52471,1654713516,26.16,46.84,64,400,12786,20662,937.462,2.18,2.27,15.02,2.343,0.053,1329,0
57407,1655124829,20.031,40.32,60,400,12837,20708,937.506,2.07,2.15,14.24,2.221,0.05,521,0
25130,1654761479,13.65,49.93,6,420,12566,19662,939.791,0.0,0.0,0.0,0.005,0.003,136,0
55078,1654716123,27.54,60.6,534,400,13036,20609,937.074,1.21,1.26,8.33,1.298,0.029,3936,0
251,1654733582,23.174,49.66,14,400,12635,19696,939.8,0.09,0.17,0.47,0.183,0.069,251,0
55729,1654716774,56.73,19.24,42724,810,12602,18589,936.883,0.97,1.0,6.64,1.036,0.023,4587,0
62421,1655129843,-12.373,12.93,2030,400,13586,20164,936.665,0.94,0.98,6.47,1.009,0.023,5535,0
56840,1654717885,45.19,16.58,751,400,13698,20482,936.668,0.76,0.79,5.21,0.813,0.018,5698,0
27925,1654764274,18.55,51.38,151,400,13155,20021,939.626,0.93,0.97,6.41,0.999,0.023,2931,0
53034,1654714079,28.39,42.63,136,406,12784,20592,937.391,2.02,2.1,13.91,2.169,0.049,1892,0
55813,1654716858,50.74,14.2,616,400,13358,20531,936.822,0.89,0.93,6.14,0.958,0.022,4671,0
55933,1654716978,42.58,18.49,0,400,13659,21410,936.82,0.85,0.89,5.88,0.916,0.021,4791,0
60167,1655127589,16.342,42.72,196,422,12771,20526,937.421,1.6,1.66,10.99,1.713,0.039,3281,0
26835,1654763184,18.91,48.53,64,400,13122,19996,939.597,0.68,0.7,4.66,0.727,0.016,1841,0
27642,1654763991,18.02,53.15,75,400,13196,20102,939.647,1.14,1.18,7.85,1.224,0.028,2648,0
1147,1654734478,27.051,50.87,13,400,13061,19947,939.746,0.36,0.37,2.48,0.387,0.009,1147,0
59455,1655126877,8.325,42.02,159,417,12778,20563,937.321,1.77,1.83,12.15,1.895,0.043,2569,0
56971,1655124393,24.329,42.89,31,415,12871,20756,937.625,2.15,2.24,14.81,2.31,0.052,85,0
26305,1654762654,17.16,50.04,5,400,13097,19983,939.719,0.48,0.5,3.3,0.514,0.012,1311,0
60286,1655127708,13.934,42.04,102,400,12911,20615,937.436,1.86,1.93,12.77,1.991,0.045,3400,0
57279,1655124701,24.767,40.8,64,400,12827,20715,937.549,2.0,2.08,13.8,2.151,0.049,393,0
54219,1654715264,25.81,49.06,208,445,12767,20524,937.372,1.52,1.58,10.49,1.636,0.037,3077,0
56528,1654717573,56.67,11.4,11596,400,13165,19263,936.704,6.62,6.88,45.54,7.102,0.16,5386,0
26554,1654762903,18.28,48.53,13,400,13115,20018,939.656,0.57,0.59,3.92,0.611,0.014,1560,0
59348,1655126770,3.208,47.23,171,443,12765,20547,937.281,1.89,1.97,13.03,2.032,0.046,2462,0
52289,1654713334,26.29,46.56,105,400,12779,20644,937.47,1.97,2.05,13.59,2.119,0.048,1147,0
290,1654733621,23.577,52.96,9,400,12661,19719,939.773,0.18,0.28,1.03,0.299,0.089,290,0
57649,1655125071,7.6,40.59,75,447,12777,20678,937.551,1.92,2.0,13.22,2.061,0.047,763,0
57780,1655125202,0.751,41.36,96,422,12773,20656,937.547,2.0,2.08,13.77,2.148,0.049,894,0
62273,1655129695,-21.062,11.65,11004,400,13185,19302,936.7,5.94,6.17,40.89,6.377,0.144,5387,0
58191,1655125613,-9.181,40.94,74,400,12795,20652,937.48,1.62,1.68,11.13,1.736,0.039,1305,0
26167,1654762516,14.31,54.53,20,400,13049,19945,939.804,0.37,0.38,2.51,0.392,0.009,1173,0
57002,1655124424,25.382,41.29,43,445,12843,20744,937.586,1.91,1.98,13.14,2.05,0.046,116,0
2622,1654735953,16.154,46.53,64,400,13209,20111,939.657,0.93,0.97,6.4,0.998,0.023,2622,0
52685,1654713730,28.86,41.26,80,400,12795,20640,937.402,1.91,1.99,13.17,2.054,0.046,1543,0
51682,1654712727,26.98,44.58,97,400,12830,20663,937.479,2.09,2.18,14.41,2.248,0.051,540,0
26213,1654762562,14.96,51.11,36,400,13052,19927,939.756,0.38,0.39,2.59,0.404,0.009,1219,0
1624,1654734955,25.303,51.0,28,400,13115,20009,939.611,0.65,0.67,4.45,0.694,0.016,1624,0
25500,1654761849,11.59,56.56,18,400,12782,19771,939.845,0.27,0.3,1.81,0.315,0.026,506,0
856,1654734187,26.936,57.35,14,400,12979,19901,939.764,0.34,0.35,2.32,0.361,0.008,856,0
2250,1654735581,20.207,49.26,0,400,13224,20169,939.631,0.99,1.03,6.83,1.065,0.024,2250,0
28268,1654764617,20.92,57.48,191,400,13180,20013,939.689,2.24,2.33,15.42,2.405,0.054,3274,1
2950,1654736281,12.216,48.33,143,400,13168,20032,939.619,0.84,0.87,5.77,0.899,0.02,2950,0
101,1654733432,21.401,55.16,20,408,12532,19621,939.775,0.09,0.29,0.17,0.332,0.189,101,0
57598,1655125020,10.373,40.14,75,441,12786,20687,937.523,2.21,2.29,15.18,2.367,0.053,712,0
2266,1654735597,20.045,47.45,0,400,13224,20167,939.616,1.22,1.27,8.41,1.312,0.03,2266,0
25318,1654761667,11.39,55.04,17,400,12667,19717,939.786,0.06,0.08,0.34,0.088,0.023,324,0
56486,1654717531,56.22,12.0,11588,400,13190,19282,936.711,14.39,16.33,95.63,17.089,1.68,5344,0
59173,1655126595,-3.164,47.32,138,401,12788,20580,937.327,1.75,1.82,12.04,1.878,0.042,2287,0
27400,1654763749,17.81,52.92,36,400,13196,20120,939.594,1.01,1.05,6.98,1.088,0.025,2406,0
26334,1654762683,14.94,55.0,0,400,13095,19992,939.718,0.55,0.58,3.82,0.596,0.013,1340,0
51197,1654712242,28.0,40.3,72,477,12839,20724,937.569,2.33,2.42,16.02,2.498,0.056,55,0
53451,1654714496,28.17,43.68,125,400,12793,20595,937.321,1.85,1.93,12.76,1.991,0.045,2309,0
51831,1654712876,28.73,42.34,68,431,12795,20688,937.503,2.48,2.58,17.07,2.661,0.06,689,0
25519,1654761868,14.01,52.07,11,400,12809,19805,939.85,0.23,0.25,1.51,0.26,0.02,525,0
1350,1654734681,26.577,56.23,1,400,13095,19993,939.719,0.61,0.63,4.19,0.654,0.015,1350,0
27527,1654763876,17.79,53.61,64,400,13185,20108,939.631,0.99,1.03,6.81,1.062,0.024,2533,0
52044,1654713089,26.64,45.55,71,406,12781,20677,937.541,2.09,2.17,14.36,2.24,0.051,902,0
57270,1655124692,25.018,45.17,19,400,12847,20751,937.568,2.15,2.24,14.81,2.309,0.052,384,0
58296,1655125718,-8.229,42.67,100,400,12790,20625,937.472,1.74,1.81,11.97,1.866,0.042,1410,0
1355,1654734686,26.56,56.66,0,400,13112,20016,939.715,0.63,0.65,4.3,0.671,0.015,1355,0
25195,1654761544,11.97,50.05,44,444,12574,19638,939.811,0.5,1.13,1.89,1.267,0.606,201,0
57100,1655124522,27.062,40.18,61,426,12842,20730,937.547,2.15,2.24,14.83,2.312,0.052,214,0
828,1654734159,26.871,50.26,7,400,12981,19907,939.764,0.1,0.11,0.71,0.11,0.002,828,0
2315,1654735646,19.542,48.16,13,400,13209,20143,939.602,0.95,0.98,6.51,1.016,0.023,2315,0
27753,1654764102,18.26,52.03,119,400,13172,20055,939.631,0.96,1.0,6.61,1.031,0.023,2759,0
57167,1655124589,26.924,39.78,21,401,12841,20756,937.541,1.96,2.04,13.49,2.104,0.048,281,0
52499,1654713544,28.77,41.52,78,400,12791,20653,937.484,2.13,2.22,14.68,2.29,0.052,1357,0
247,1654733578,23.131,50.08,5,400,12633,19696,939.813,0.09,0.17,0.46,0.189,0.074,247,0
54668,1654715713,28.48,38.9,0,400,13175,20999,937.467,2.01,2.09,13.83,2.156,0.049,3526,0
61177,1655128599,20.449,28.23,3649,400,13085,19727,936.877,0.69,0.72,4.75,0.741,0.017,4291,0
1163,1654734494,27.03,49.16,42,400,13046,19934,939.785,0.39,0.41,2.71,0.423,0.01,1163,0
56746,1654717791,50.62,13.7,1375,400,13679,20326,936.681,0.72,0.75,4.95,0.773,0.017,5604,0
49998,1654903015,20.57,34.99,0,5835,12115,19666,931.171,1.64,2.04,10.46,2.159,0.362,10,0
1002,1654734333,27.117,50.57,34,400,13012,19910,939.747,0.24,0.25,1.66,0.259,0.006,1002,0
52676,1654713721,28.57,41.97,79,400,12791,20641,937.401,2.13,2.21,14.65,2.284,0.052,1534,0
61343,1655128765,20.237,23.15,19607,643,12685,18944,936.876,0.82,0.85,5.63,0.879,0.02,4457,0
54659,1654715704,28.27,39.93,0,400,13112,20948,937.472,2.1,2.18,14.47,2.256,0.051,3517,0
1020,1654734351,27.122,56.5,19,400,13024,19932,939.753,0.22,0.23,1.51,0.236,0.005,1020,0
60303,1655127725,13.645,43.21,0,400,13048,20886,937.45,2.15,2.23,14.78,2.305,0.052,3417,0
1158,1654734489,27.037,49.56,16,400,13063,19951,939.779,0.39,0.4,2.68,0.418,0.009,1158,0
1321,1654734652,26.671,49.2,0,400,13100,19992,939.718,0.49,0.51,3.39,0.528,0.012,1321,0
54044,1654715089,25.74,49.18,170,417,12772,20545,937.409,1.79,1.86,12.32,1.921,0.043,2902,0
56080,1654717125,46.94,27.14,60000,6675,11534,16812,936.833,2339.51,2430.67,16101.92,2510.903,56.713,4938,0
58261,1655125683,-8.638,42.78,95,406,12775,20629,937.463,1.84,1.91,12.66,1.974,0.045,1375,0
56951,1655124373,23.505,43.89,67,451,12852,20711,937.581,2.37,2.46,16.32,2.544,0.057,65,0
53091,1654714136,28.21,43.52,125,400,12795,20596,937.367,1.74,1.8,11.95,1.864,0.042,1949,0
53956,1654715001,27.02,43.11,186,467,12759,20532,937.41,1.61,1.67,11.1,1.73,0.039,2814,0
53210,1654714255,28.11,43.97,155,407,12789,20575,937.349,2.08,2.16,14.34,2.236,0.05,2068,0
51217,1654712262,26.94,44.67,28,426,12853,20761,937.596,2.27,2.36,15.61,2.434,0.055,75,0
60929,1655128351,16.547,61.77,2494,400,13354,19996,936.921,1.03,1.07,7.11,1.109,0.025,4043,0
58120,1655125542,-9.216,41.79,76,400,12791,20660,937.492,2.15,2.23,14.8,2.308,0.052,1234,0
58094,1655125516,-9.064,46.63,100,400,12788,20650,937.511,2.18,2.26,15.0,2.339,0.053,1208,0
59,1654733390,20.839,54.75,0,401,12539,19636,939.718,0.14,0.52,0.02,0.594,0.365,59,0
61836,1655129258,-5.964,20.12,60000,5295,11610,16832,936.838,1951.81,2027.86,13433.54,2094.802,47.313,4950,0
53296,1654714341,27.02,42.3,165,445,12767,20562,937.339,1.75,1.82,12.06,1.88,0.042,2154,0
57656,1655125078,7.221,40.33,85,438,12781,20670,937.524,2.14,2.22,14.72,2.296,0.052,770,0
733,1654734064,26.578,56.54,13,400,12921,19856,939.741,0.3,0.31,2.04,0.318,0.007,733,0
563,1654733894,25.755,56.55,16,400,12825,19807,939.835,0.12,0.13,0.79,0.134,0.009,563,0
62061,1655129483,-19.103,19.45,60000,15801,11094,16137,936.775,11944.82,29151.07,40149.5,32841.473,16539.727,5175,0
25941,1654762290,13.77,51.87,37,400,12996,19899,939.746,0.23,0.24,1.57,0.245,0.006,947,0
1456,1654734787,26.166,54.3,33,400,13095,19980,939.702,0.56,0.58,3.83,0.597,0.013,1456,0
2150,1654735481,21.188,47.32,0,400,13194,20103,939.664,0.82,0.85,5.61,0.875,0.02,2150,0
3024,1654736355,11.3,45.39,170,400,13155,20005,939.676,0.9,0.94,6.21,0.969,0.022,3024,0
59671,1655127093,17.711,46.93,137,406,12788,20586,937.389,1.4,1.46,9.64,1.504,0.034,2785,0
3179,1654736510,9.368,58.6,0,400,13385,20202,939.574,1.8,1.87,12.41,1.935,0.044,3179,1
55886,1654716931,43.27,18.48,73,400,13543,21101,936.808,0.89,0.92,6.09,0.95,0.021,4744,0
55074,1654716119,27.26,59.91,489,400,12980,20668,937.091,1.34,1.4,9.24,1.441,0.033,3932,0
59745,1655127167,19.714,42.72,169,427,12776,20553,937.434,1.81,1.88,12.48,1.946,0.044,2859,0
26640,1654762989,15.76,55.85,9,400,13143,20025,939.606,0.77,0.8,5.33,0.83,0.019,1646,0
1989,1654735320,22.648,52.73,73,400,13112,19972,939.623,0.68,0.71,4.67,0.729,0.016,1989,0
52512,1654713557,29.08,40.75,65,400,12795,20668,937.469,1.98,2.06,13.64,2.127,0.048,1370,0
27165,1654763514,17.21,53.92,0,400,13182,20113,939.604,0.83,0.86,5.68,0.886,0.02,2171,0
2704,1654736035,15.194,52.56,98,400,13192,20081,939.645,1.0,1.04,6.86,1.07,0.024,2704,0
27786,1654764135,20.99,45.82,119,400,13177,20054,939.631,0.98,1.02,6.77,1.056,0.024,2792,0
51312,1654712357,29.92,38.92,59,422,12843,20725,937.573,2.14,2.22,14.71,2.293,0.052,170,0
57571,1655124993,11.833,44.83,54,420,12799,20701,937.518,2.4,2.49,16.5,2.573,0.058,685,0
2145,1654735476,21.236,47.48,0,400,13188,20090,939.656,0.88,0.92,6.08,0.948,0.021,2145,0
27282,1654763631,17.55,53.45,30,400,13189,20132,939.584,1.16,1.2,7.97,1.242,0.028,2288,0
1838,1654735169,23.865,49.02,55,400,13122,20003,939.617,0.72,0.75,4.98,0.776,0.018,1838,0
2132,1654735463,21.359,48.84,2,400,13161,20066,939.629,1.09,1.13,7.51,1.172,0.026,2132,0
3070,1654736401,10.729,48.28,138,400,13175,20037,939.673,0.94,0.98,6.49,1.012,0.023,3070,0
61225,1655128647,20.742,31.67,10720,400,12856,19278,936.859,0.49,0.51,3.39,0.528,0.012,4339,0
55482,1654716527,43.56,31.57,10674,400,12862,19287,936.879,0.51,0.53,3.5,0.546,0.012,4340,0
56030,1654717075,46.51,29.57,60000,4533,11733,17306,936.9,791.76,822.61,5449.34,849.76,19.193,4888,0
2516,1654735847,17.365,52.18,45,400,13194,20128,939.614,0.96,1.0,6.64,1.035,0.023,2516,0
26343,1654762692,14.76,56.16,0,400,13094,19989,939.706,0.61,0.63,4.2,0.655,0.015,1349,0
55379,1654716424,43.03,32.64,11904,481,12772,19203,936.888,0.39,0.4,2.68,0.417,0.009,4237,0
61835,1655129257,-5.893,20.29,60000,6034,11560,16796,936.835,3736.23,3881.81,25714.97,4009.943,90.57,4949,0
51445,1654712490,27.08,44.65,34,401,12839,20739,937.597,2.11,2.19,14.52,2.264,0.051,303,0
54178,1654715223,28.55,43.1,174,425,12767,20534,937.31,1.86,1.94,12.83,2.0,0.045,3036,0
27580,1654763929,17.95,53.22,75,400,13196,20108,939.627,0.87,0.9,5.97,0.931,0.021,2586,0
57946,1655125368,-6.117,41.07,65,400,12793,20676,937.52,1.88,1.96,12.97,2.023,0.046,1060,0
56466,1654717511,59.39,10.91,60000,733,12644,18302,936.723,21.96,24.33,147.32,25.38,2.004,5324,0
51163,1654712208,26.94,44.88,15,424,12870,20772,937.595,1.94,2.01,13.34,2.081,0.047,21,0
26648,1654762997,17.82,53.63,0,400,13161,20049,939.614,0.84,0.87,5.78,0.902,0.02,1654,0
450,1654733781,24.986,56.46,13,400,12747,19764,939.824,0.29,0.35,1.9,0.369,0.051,450,0
61745,1655129167,0.605,32.2,60000,1354,12321,18192,936.858,83.3,86.54,573.3,89.399,2.019,4859,0
25594,1654761943,12.57,51.57,24,400,12832,19803,939.836,0.19,0.2,1.32,0.206,0.005,600,0
25526,1654761875,14.26,50.68,5,400,12810,19809,939.829,0.16,0.17,1.12,0.174,0.004,532,0
53577,1654714622,28.49,42.84,151,429,12775,20568,937.341,2.02,2.1,13.91,2.168,0.049,2435,0
51806,1654712851,26.69,45.59,81,452,12791,20686,937.495,2.22,2.31,15.29,2.385,0.054,664,0
56639,1654717684,54.86,12.06,2325,400,13596,20088,936.696,0.67,0.69,4.6,0.717,0.016,5497,0
58546,1655125968,-4.71,41.54,86,400,12790,20640,937.403,1.83,1.91,12.63,1.969,0.044,1660,0
53784,1654714829,26.25,47.28,149,433,12775,20566,937.352,1.83,1.91,12.62,1.968,0.044,2642,0
61116,1655128538,19.77,33.14,11650,470,12779,19227,936.903,0.41,0.43,2.85,0.445,0.01,4230,0
51993,1654713038,26.33,46.56,109,425,12770,20639,937.587,1.83,1.9,12.58,1.962,0.044,851,0
1162,1654734493,27.031,49.3,22,400,13056,19941,939.783,0.4,0.41,2.73,0.425,0.01,1162,0
2993,1654736324,11.685,51.14,172,400,13144,19994,939.644,0.81,0.84,5.56,0.867,0.02,2993,0
27384,1654763733,19.16,46.78,40,400,13196,20124,939.603,0.82,0.86,5.67,0.883,0.02,2390,0
123,1654733454,21.684,52.75,0,400,12563,19658,939.798,0.01,0.02,0.01,0.025,0.015,123,0
59655,1655127077,17.166,48.32,159,434,12771,20566,937.348,1.66,1.72,11.39,1.777,0.04,2769,0
1429,1654734760,26.281,49.78,13,400,13104,19997,939.689,0.64,0.67,4.42,0.69,0.016,1429,0
62047,1655129469,-18.53,18.76,60000,7590,11485,16594,936.809,8452.59,19297.24,31755.75,21647.828,10412.004,5161,0
52208,1654713253,29.1,40.77,98,400,12782,20650,937.515,1.95,2.03,13.45,2.098,0.047,1066,0
54463,1654715508,25.77,49.29,215,436,12761,20500,937.416,1.29,1.34,8.88,1.385,0.031,3321,0
51864,1654712909,26.75,45.33,85,463,12776,20679,937.548,2.44,2.54,16.82,2.624,0.059,722,0
57034,1655124456,26.197,41.17,25,400,12861,20766,937.584,2.14,2.22,14.72,2.296,0.052,148,0
51142,1654712187,27.45,43.27,48,488,12844,20723,937.586,2.04,2.12,14.05,2.191,0.049,0,0
62608,1655130030,14.898,15.71,534,400,13795,20669,936.673,0.58,0.61,4.01,0.626,0.014,5722,0
26061,1654762410,13.82,55.18,22,400,13031,19928,939.79,0.32,0.33,2.18,0.34,0.008,1067,0
751,1654734082,26.643,53.65,6,400,12946,19888,939.768,0.25,0.26,1.72,0.269,0.006,751,0
54445,1654715490,26.22,47.7,200,424,12765,20525,937.407,1.65,1.71,11.33,1.767,0.04,3303,0
313,1654733644,23.803,50.75,37,400,12647,19691,939.772,0.06,0.09,0.36,0.098,0.027,313,0
53600,1654714645,26.44,45.93,176,454,12763,20546,937.302,1.83,1.9,12.58,1.962,0.044,2458,0
1611,1654734942,25.379,49.24,6,400,13138,20042,939.6,0.52,0.54,3.57,0.557,0.013,1611,0
58587,1655126009,-4.349,47.87,131,415,12773,20586,937.415,1.9,1.97,13.07,2.038,0.046,1701,0
1527,1654734858,25.832,55.84,20,400,13107,19997,939.673,0.6,0.62,4.13,0.643,0.015,1527,0
60715,1655128137,13.241,39.11,0,400,13416,21377,937.415,1.52,1.58,10.49,1.635,0.037,3829,0
61983,1655129405,-15.404,22.61,60000,24450,10891,15649,936.808,10900.84,20253.55,52594.24,22377.039,8930.547,5097,0
55006,1654716051,26.19,45.71,77,400,13207,21065,937.045,1.96,2.04,13.5,2.105,0.048,3864,0
52943,1654713988,26.33,46.1,139,406,12779,20586,937.42,1.86,1.94,12.83,2.001,0.045,1801,0
54976,1654716021,25.58,40.55,0,400,13367,21296,937.42,1.5,1.55,10.3,1.606,0.036,3834,0
27483,1654763832,20.3,48.14,5,400,13221,20171,939.595,1.07,1.11,7.34,1.145,0.026,2489,0
26799,1654763148,16.62,52.87,68,400,13112,19983,939.653,0.65,0.68,4.49,0.7,0.016,1805,0
60379,1655127801,12.64,46.01,0,400,13051,20848,937.467,2.12,2.21,14.61,2.278,0.051,3493,0
52420,1654713465,25.99,47.38,92,400,12787,20641,937.462,2.17,2.25,14.93,2.329,0.053,1278,0
53887,1654714932,28.8,42.32,168,423,12774,20557,937.365,2.03,2.11,13.99,2.181,0.049,2745,0
127,1654733458,21.734,51.45,7,413,12558,19659,939.803,0.0,0.01,0.01,0.015,0.009,127,0
57909,1655125331,-4.852,45.85,66,400,12784,20670,937.542,2.23,2.31,15.33,2.391,0.054,1023,0
2420,1654735751,18.425,53.97,32,400,13202,20136,939.625,1.06,1.1,7.27,1.134,0.026,2420,0
56858,1654717903,46.37,15.99,577,400,13757,20620,936.663,0.68,0.71,4.69,0.732,0.017,5716,0
60708,1655128130,13.162,39.29,0,400,13437,21396,937.403,1.54,1.6,10.57,1.648,0.037,3822,0
55312,1654716357,38.37,41.66,6854,400,13046,19524,936.901,0.4,0.42,2.75,0.43,0.01,4170,0
54352,1654715397,28.29,44.15,204,429,12770,20521,937.352,1.69,1.75,11.61,1.811,0.041,3210,0
57236,1655124658,25.851,39.52,41,404,12834,20731,937.58,2.25,2.34,15.5,2.417,0.055,350,0
27332,1654763681,17.96,51.55,33,400,13198,20124,939.568,1.12,1.17,7.74,1.206,0.027,2338,0
61293,1655128715,20.692,25.65,13471,529,12749,19102,936.883,0.78,0.81,5.35,0.834,0.019,4407,0
57256,1655124678,25.383,45.61,40,400,12838,20735,937.541,2.48,2.58,17.09,2.665,0.06,370,0
52079,1654713124,28.97,41.2,70,400,12791,20684,937.543,1.85,1.92,12.72,1.984,0.045,937,0
51918,1654712963,27.16,43.12,91,449,12767,20666,937.524,1.94,2.01,13.33,2.078,0.047,776,0
54624,1654715669,25.98,45.35,0,400,12984,20837,937.441,2.06,2.14,14.16,2.209,0.05,3482,0
2554,1654735885,16.935,47.01,57,400,13197,20115,939.631,0.76,0.79,5.22,0.814,0.018,2554,0
28161,1654764510,18.95,50.1,197,400,13146,19975,939.631,0.84,0.87,5.78,0.901,0.02,3167,0
54003,1654715048,28.69,42.54,170,430,12772,20546,937.426,1.84,1.91,12.65,1.972,0.045,2861,0
54887,1654715932,26.51,43.03,0,400,13465,21332,937.373,2.19,2.27,15.07,2.349,0.053,3745,0
26605,1654762954,18.37,49.24,6,400,13138,20042,939.6,0.52,0.54,3.57,0.557,0.013,1611,0
52231,1654713276,26.26,46.71,112,406,12774,20625,937.506,2.43,2.53,16.76,2.613,0.059,1089,0
59479,1655126901,9.495,48.52,170,436,12772,20553,937.33,1.74,1.8,11.94,1.862,0.042,2593,0
25387,1654761736,11.29,56.75,1,400,12707,19734,939.839,0.11,0.14,0.68,0.149,0.029,393,0
59818,1655127240,20.704,42.03,186,431,12773,20534,937.416,1.8,1.87,12.42,1.936,0.044,2932,0
25274,1654761623,11.08,56.77,13,400,12641,19701,939.784,0.16,0.25,0.9,0.272,0.084,280,0
60272,1655127694,14.186,46.77,206,431,12771,20508,937.443,1.65,1.72,11.38,1.775,0.04,3386,0
56658,1654717703,51.41,13.65,1819,400,13671,20206,936.683,1.01,1.05,6.93,1.08,0.024,5516,0
54678,1654715723,26.25,41.01,0,400,13240,21130,937.472,1.73,1.8,11.89,1.855,0.042,3536,0
928,1654734259,27.058,51.39,3,400,13020,19934,939.757,0.26,0.27,1.82,0.284,0.006,928,0
54483,1654715528,28.75,42.74,202,426,12766,20517,937.432,1.68,1.74,11.54,1.799,0.041,3341,0
88,1654733419,21.23,50.45,33,448,12517,19610,939.782,0.01,0.04,0.0,0.046,0.028,88,0
56917,1655124339,21.834,39.78,36,438,12861,20759,937.61,1.93,2.01,13.29,2.073,0.047,31,0
58331,1655125753,-7.757,46.49,88,400,12782,20636,937.444,1.77,1.84,12.17,1.898,0.043,1445,0
54724,1654715769,28.21,38.4,0,400,13298,21279,937.455,1.85,1.93,12.75,1.989,0.045,3582,0
57958,1655125380,-6.487,40.57,92,400,12788,20652,937.504,2.02,2.09,13.87,2.163,0.049,1072,0
2136,1654735467,21.321,48.15,0,400,13164,20068,939.634,1.04,1.08,7.18,1.12,0.025,2136,0
60774,1655128196,13.993,40.08,170,400,13206,20978,937.062,1.92,1.99,13.21,2.06,0.047,3888,0
25616,1654761965,11.81,57.28,3,400,12864,19829,939.838,0.22,0.22,1.49,0.232,0.005,622,0
54307,1654715352,28.8,42.49,199,431,12774,20529,937.365,1.68,1.75,11.58,1.805,0.041,3165,0
2448,1654735779,18.12,47.48,31,400,13205,20133,939.637,1.11,1.15,7.63,1.19,0.027,2448,0
57544,1655124966,13.276,44.09,53,454,12792,20709,937.499,2.15,2.23,14.78,2.304,0.052,658,0
1688,1654735019,24.911,53.34,15,400,13139,20034,939.604,1.11,1.15,7.61,1.187,0.027,1688,0
27731,1654764080,20.92,45.96,94,400,13184,20070,939.627,1.02,1.06,7.04,1.098,0.025,2737,0
51440,1654712485,27.36,43.32,36,414,12826,20731,937.592,2.21,2.3,15.21,2.372,0.054,298,0
62373,1655129795,-16.293,11.99,2432,400,13598,20060,936.68,0.74,0.76,5.07,0.79,0.018,5487,0
970,1654734301,27.1,57.31,7,400,13018,19916,939.742,0.13,0.13,0.86,0.134,0.003,970,0
60413,1655127835,12.347,38.85,0,400,13177,21007,937.473,1.99,2.06,13.67,2.131,0.048,3527,0
59661,1655127083,17.374,48.75,160,421,12774,20561,937.374,1.63,1.69,11.21,1.748,0.039,2775,0
52338,1654713383,26.92,43.55,117,417,12771,20616,937.47,2.03,2.11,14.0,2.183,0.049,1196,0
1027,1654734358,27.123,57.16,11,400,13027,19933,939.766,0.29,0.3,1.97,0.307,0.007,1027,0
635,1654733966,26.152,52.18,0,400,12885,19856,939.831,0.25,0.26,1.71,0.266,0.006,635,0
61264,1655128686,20.787,25.65,11957,513,12758,19207,936.903,0.9,0.93,6.17,0.961,0.022,4378,0
58952,1655126374,-5.224,45.24,133,400,12798,20587,937.354,2.02,2.1,13.9,2.168,0.049,2066,0
971,1654734302,27.1,57.52,0,400,13034,19948,939.754,0.12,0.12,0.83,0.129,0.003,971,0
53754,1654714799,28.38,43.52,156,416,12782,20565,937.335,1.76,1.83,12.13,1.892,0.043,2612,0
60886,1655128308,15.77,64.93,2145,400,13361,20075,937.026,0.82,0.85,5.61,0.875,0.02,4000,0
2609,1654735940,16.305,47.46,70,400,13197,20109,939.633,1.03,1.07,7.1,1.108,0.025,2609,0
27740,1654764089,18.79,48.89,124,400,13170,20056,939.624,1.0,1.04,6.87,1.072,0.024,2746,0
60718,1655128140,13.276,39.1,0,400,13402,21346,937.427,1.46,1.52,10.05,1.568,0.035,3832,0
54465,1654715510,27.16,49.34,191,400,12781,20532,937.416,1.27,1.32,8.77,1.368,0.031,3323,0
60794,1655128216,14.279,48.43,532,1014,12478,20615,937.001,1.73,1.8,11.92,1.858,0.042,3908,0
57432,1655124854,18.898,45.63,103,407,12819,20655,937.484,2.31,2.4,15.89,2.477,0.056,546,0
54167,1654715212,27.8,47.0,175,422,12777,20544,937.341,1.72,1.79,11.87,1.851,0.042,3025,0
2202,1654735533,20.684,47.59,5,400,13190,20118,939.594,0.89,0.92,6.1,0.951,0.021,2202,0
53677,1654714722,25.81,48.66,164,427,12772,20561,937.322,2.01,2.08,13.81,2.153,0.049,2535,0
61860,1655129282,-7.648,26.92,60000,14534,11152,16361,936.849,6905.69,7323.3,47155.9,7589.246,311.578,4974,0
25823,1654762172,15.38,50.2,6,400,12980,19910,939.774,0.11,0.12,0.76,0.119,0.003,829,0
2589,1654735920,16.535,53.43,67,400,13200,20114,939.638,0.88,0.91,6.03,0.94,0.021,2589,0
61979,1655129401,-15.183,22.15,60000,15198,11119,15870,936.812,4355.44,7016.92,23716.1,7654.613,2524.314,5093,0
2157,1654735488,21.121,51.38,0,400,13192,20100,939.638,0.77,0.8,5.27,0.822,0.019,2157,0
56735,1654717780,50.07,14.32,1187,400,13702,20377,936.663,0.84,0.88,5.81,0.906,0.02,5593,0
60516,1655127938,11.997,39.95,0,400,13310,21170,937.433,1.92,2.0,13.22,2.062,0.047,3630,0
58504,1655125926,-5.202,44.94,107,415,12776,20607,937.43,1.73,1.8,11.92,1.859,0.042,1618,0
53703,1654714748,28.69,42.48,159,424,12771,20555,937.317,1.82,1.89,12.51,1.95,0.044,2561,0
2820,1654736151,13.805,52.11,130,400,13175,20041,939.646,0.97,1.01,6.66,1.038,0.023,2820,0
2998,1654736329,11.623,51.53,180,400,13143,19991,939.658,0.7,0.73,4.84,0.755,0.017,2998,0
52294,1654713339,26.16,46.96,117,401,12780,20621,937.487,1.98,2.06,13.63,2.125,0.048,1152,0
61921,1655129343,-11.719,23.51,60000,23265,10907,15951,936.838,10373.74,16067.63,58107.71,17460.039,5386.133,5035,0
25061,1654761410,13.34,51.38,23,421,12532,19631,939.779,0.12,0.44,0.04,0.509,0.31,67,0
59299,1655126721,1.07,48.37,179,459,12770,20552,937.331,1.87,1.95,12.89,2.01,0.045,2413,0
58132,1655125554,-9.254,40.95,83,400,12785,20641,937.475,2.42,2.52,16.66,2.598,0.059,1246,0
61036,1655128458,18.515,50.48,6524,400,13080,19542,936.893,0.32,0.34,2.22,0.347,0.008,4150,0
55794,1654716839,51.76,14.21,1132,400,13298,20336,936.831,0.99,1.03,6.8,1.06,0.024,4652,0
61854,1655129276,-7.23,24.54,60000,11871,11286,16527,936.839,4040.79,4198.24,27811.16,4336.82,97.951,4968,0
54638,1654715683,25.5,45.51,0,400,13157,20928,937.468,1.93,2.0,13.25,2.066,0.047,3496,0
51738,1654712783,27.27,42.82,90,422,12815,20671,937.526,2.24,2.33,15.42,2.404,0.054,596,0
52389,1654713434,29.07,40.85,73,400,12787,20657,937.481,2.39,2.48,16.42,2.56,0.058,1247,0
60134,1655127556,17.059,48.36,198,431,12761,20522,937.377,1.93,2.0,13.28,2.071,0.047,3248,0
55417,1654716462,39.03,34.85,2842,400,13151,19907,936.83,1.23,1.28,8.46,1.319,0.03,4275,0
55749,1654716794,58.05,15.31,32464,722,12641,18745,936.908,0.79,0.82,5.44,0.848,0.019,4607,0
55057,1654716102,24.33,47.0,112,400,13231,21042,937.013,1.67,1.74,11.5,1.793,0.04,3915,0
58273,1655125695,-8.506,46.69,92,400,12787,20636,937.426,1.74,1.81,11.99,1.87,0.042,1387,0
56531,1654717576,55.91,12.03,7968,400,13308,19506,936.71,4.57,4.75,31.46,4.906,0.111,5389,0
57477,1655124899,16.73,39.98,49,400,12834,20712,937.524,2.29,2.38,15.75,2.457,0.055,591,0
53114,1654714159,28.93,41.2,122,400,12789,20604,937.354,2.08,2.16,14.33,2.234,0.05,1972,0
2140,1654735471,21.283,47.77,0,400,13183,20084,939.662,0.99,1.03,6.8,1.06,0.024,2140,0
1704,1654735035,24.808,55.9,5,400,13137,20043,939.649,0.73,0.76,5.05,0.788,0.018,1704,0
59317,1655126739,1.832,43.57,164,432,12781,20564,937.344,1.91,1.98,13.14,2.049,0.046,2431,0
61117,1655128539,19.784,33.19,11496,459,12785,19233,936.909,0.4,0.42,2.76,0.43,0.01,4231,0
2388,1654735719,18.771,46.92,17,400,13214,20139,939.6,0.88,0.92,6.06,0.946,0.021,2388,0
60377,1655127799,12.66,46.14,0,400,13029,20833,937.455,2.22,2.31,15.28,2.383,0.054,3491,0
55964,1654717009,43.09,34.53,3772,400,13268,19771,936.868,0.67,0.69,4.59,0.716,0.016,4822,0
27426,1654763775,20.15,48.26,38,400,13196,20120,939.604,1.19,1.23,8.16,1.273,0.029,2432,0
2974,1654736305,11.92,45.05,182,400,13138,19994,939.65,0.95,0.99,6.53,1.019,0.023,2974,0
61258,1655128680,20.793,25.9,12695,452,12788,19156,936.896,0.81,0.84,5.58,0.87,0.02,4372,0
28149,1654764498,19.83,45.16,209,400,13126,19960,939.645,0.78,0.81,5.36,0.835,0.019,3155,0
27739,1654764088,18.88,48.3,123,400,13166,20048,939.628,1.01,1.04,6.92,1.079,0.024,2745,0
52649,1654713694,26.18,46.79,93,407,12782,20642,937.419,1.9,1.98,13.09,2.041,0.046,1507,0
55476,1654716521,43.33,32.1,8706,400,12944,19415,936.868,0.43,0.45,2.97,0.463,0.01,4334,0
25295,1654761644,13.8,50.4,3,400,12668,19726,939.793,0.06,0.09,0.35,0.102,0.03,301,0
60637,1655128059,12.492,39.71,0,400,13456,21304,937.39,2.12,2.2,14.57,2.271,0.051,3751,0
54737,1654715782,26.25,40.29,0,400,13264,21253,937.46,1.8,1.87,12.36,1.928,0.044,3595,0
657,1654733988,26.259,51.19,24,400,12872,19825,939.81,0.3,0.32,2.09,0.326,0.007,657,0
27981,1654764330,18.72,50.47,180,400,13143,20010,939.652,0.86,0.9,5.95,0.927,0.021,2987,0
25964,1654762313,13.08,57.31,7,400,13018,19916,939.742,0.13,0.13,0.86,0.134,0.003,970,0
52212,1654713257,29.18,40.56,83,400,12782,20646,937.493,1.93,2.0,13.26,2.068,0.047,1070,0
60555,1655127977,12.059,43.98,0,400,13366,21208,937.459,1.49,1.55,10.28,1.603,0.036,3669,0
53127,1654714172,26.08,46.96,139,410,12780,20584,937.355,1.91,1.99,13.17,2.054,0.046,1985,0
61722,1655129144,2.263,27.41,23594,439,12800,18928,936.851,22.77,23.66,156.74,24.442,0.552,4836,0
1710,1654735041,24.769,55.75,0,400,13157,20073,939.628,0.66,0.69,4.54,0.708,0.016,1710,0
57835,1655125257,-1.831,40.52,59,400,12788,20686,937.529,1.93,2.01,13.28,2.072,0.047,949,0
25472,1654761821,14.21,50.02,8,400,12777,19790,939.828,0.1,0.12,0.67,0.126,0.015,478,0
56637,1654717682,54.83,11.98,2277,400,13614,20104,936.717,0.51,0.53,3.53,0.55,0.012,5495,0
55642,1654716687,51.08,23.15,28199,686,12669,18817,936.939,1.04,1.08,7.15,1.115,0.025,4500,0
54486,1654715531,28.82,42.59,188,424,12767,20511,937.424,1.7,1.77,11.7,1.824,0.041,3344,0
53944,1654714989,28.73,42.49,158,420,12765,20554,937.403,1.72,1.79,11.86,1.849,0.042,2802,0
26561,1654762910,16.12,51.82,42,400,13098,19985,939.639,0.73,0.76,5.0,0.78,0.018,1567,0
52451,1654713496,29.05,40.79,61,400,12798,20665,937.482,1.72,1.79,11.86,1.85,0.042,1309,0
27421,1654763770,19.92,49.67,24,400,13205,20138,939.616,1.12,1.16,7.71,1.202,0.027,2427,0
51173,1654712218,29.51,39.78,36,438,12861,20759,937.61,1.93,2.01,13.29,2.073,0.047,31,0
736,1654734067,26.589,56.9,10,400,12921,19860,939.751,0.29,0.3,1.98,0.309,0.007,736,0
26097,1654762446,16.38,50.09,16,400,13047,19940,939.755,0.18,0.19,1.25,0.195,0.004,1103,0
58789,1655126211,-4.486,41.5,130,400,12786,20586,937.38,1.64,1.7,11.29,1.761,0.04,1903,0
25847,1654762196,12.7,57.07,0,400,12981,19909,939.768,0.31,0.33,2.17,0.338,0.008,853,0
53134,1654714179,25.91,47.66,135,415,12778,20585,937.329,2.02,2.1,13.92,2.171,0.049,1992,0
50009,1654903026,22.76,53.97,8,4848,12223,19692,931.213,106.28,126.44,691.23,133.227,18.128,21,0
53628,1654714673,27.91,45.8,144,415,12779,20578,937.308,2.37,2.46,16.32,2.545,0.057,2486,0
27637,1654763986,18.07,52.85,69,400,13195,20099,939.657,1.2,1.25,8.28,1.292,0.029,2643,0
27023,1654763372,19.6,47.12,42,400,13131,20008,939.621,0.9,0.93,6.19,0.965,0.022,2029,0
25800,1654762149,14.51,55.5,0,400,12975,19918,939.794,0.17,0.18,1.17,0.182,0.004,806,0
61699,1655129121,3.902,33.11,2130,400,13439,20140,936.844,0.76,0.79,5.23,0.815,0.018,4813,0
836,1654734167,26.891,52.67,26,400,12965,19885,939.775,0.16,0.17,1.1,0.172,0.004,836,0
476,1654733807,25.179,50.19,9,400,12772,19786,939.834,0.11,0.13,0.71,0.132,0.016,476,0
3073,1654736404,10.691,47.26,145,400,13170,20031,939.666,0.94,0.98,6.48,1.01,0.023,3073,0
61315,1655128737,20.54,22.81,14378,574,12719,19040,936.944,0.85,0.88,5.86,0.914,0.021,4429,0
60656,1655128078,12.646,38.26,0,400,13450,21306,937.399,1.85,1.93,12.77,1.991,0.045,3770,0
53011,1654714056,26.0,47.22,114,400,12788,20615,937.396,2.06,2.14,14.19,2.212,0.05,1869,0
169,1654733500,22.25,56.32,2,403,12577,19663,939.826,0.0,0.0,0.0,0.0,0.0,169,0
54727,1654715772,28.17,38.42,0,400,13267,21263,937.456,1.77,1.83,12.15,1.894,0.043,3585,0
56147,1654717192,51.25,23.85,60000,12169,11266,16414,936.883,7755.83,9118.65,50715.39,9592.5,1217.551,5005,0
52467,1654713512,26.32,46.42,72,400,12787,20658,937.482,1.93,2.0,13.27,2.069,0.047,1325,0
56205,1654717250,53.56,21.31,60000,15267,11122,16018,936.845,10403.35,14836.53,61482.03,15982.668,4161.961,5063,0
200,1654733531,22.612,49.5,27,440,12577,19649,939.815,0.53,1.2,2.01,1.341,0.642,200,0
327,1654733658,23.937,55.71,7,400,12676,19719,939.795,0.08,0.12,0.48,0.124,0.032,327,0
58176,1655125598,-9.238,42.63,71,400,12790,20651,937.485,1.73,1.8,11.89,1.854,0.042,1290,0
58715,1655126137,-4.158,43.37,132,400,12794,20600,937.413,2.0,2.08,13.75,2.145,0.048,1829,0
27914,1654764263,18.96,48.92,161,400,13149,20019,939.631,1.06,1.1,7.29,1.137,0.026,2920,0
56829,1654717874,46.03,16.01,825,400,13697,20468,936.691,0.51,0.53,3.48,0.542,0.012,5687,0
59365,1655126787,3.991,48.83,157,442,12766,20560,937.322,2.11,2.2,14.55,2.268,0.051,2479,0
27709,1654764058,20.05,50.99,73,400,13203,20104,939.654,1.07,1.12,7.39,1.152,0.026,2715,0
59686,1655127108,18.189,42.68,156,424,12778,20563,937.416,1.7,1.77,11.72,1.827,0.041,2800,0
25660,1654762009,12.31,55.1,7,400,12890,19841,939.804,0.21,0.21,1.42,0.221,0.005,666,0
27234,1654763583,18.53,54.53,0,400,13232,20165,939.607,0.9,0.94,6.2,0.967,0.022,2240,0
52296,1654713341,26.1,47.12,107,400,12779,20629,937.475,1.92,1.99,13.21,2.059,0.047,1154,0
27137,1654763486,19.82,47.61,0,400,13177,20073,939.663,0.92,0.95,6.32,0.985,0.022,2143,0
53042,1654714087,28.7,41.65,134,401,12783,20581,937.377,1.76,1.83,12.14,1.893,0.043,1900,0
51793,1654712838,29.46,40.12,33,420,12809,20724,937.501,2.14,2.23,14.75,2.3,0.052,651,0
55502,1654716547,47.22,27.06,12050,443,12795,19191,936.879,0.57,0.6,3.96,0.617,0.014,4360,0
57642,1655125064,7.98,41.05,49,434,12786,20706,937.543,1.92,2.0,13.23,2.064,0.047,756,0
59624,1655127046,16.014,42.75,153,417,12780,20561,937.332,2.04,2.12,14.05,2.191,0.049,2738,0
61209,1655128631,20.671,29.08,8153,400,12935,19445,936.899,0.27,0.28,1.87,0.292,0.007,4323,0
27084,1654763433,19.82,47.17,1,400,13158,20066,939.618,0.93,0.97,6.43,1.003,0.023,2090,0
56260,1654717305,53.66,18.69,60000,15694,11099,15878,936.783,4700.55,9099.07,21760.71,10086.375,4205.771,5118,0
54284,1654715329,25.74,49.25,201,442,12770,20515,937.353,1.58,1.64,10.86,1.694,0.038,3142,0
52376,1654713421,28.7,41.79,76,400,12791,20660,937.492,2.15,2.23,14.8,2.308,0.052,1234,0
26540,1654762889,17.98,49.93,11,400,13116,20012,939.666,0.63,0.65,4.31,0.672,0.015,1546,0
26112,1654762461,14.17,54.15,19,400,13039,19926,939.756,0.31,0.32,2.1,0.328,0.007,1118,0
27886,1654764235,20.6,48.14,133,400,13170,20037,939.642,0.99,1.03,6.84,1.067,0.024,2892,0
26956,1654763305,19.3,47.85,55,400,13126,20008,939.586,0.89,0.93,6.16,0.96,0.022,1962,0
56219,1654717264,54.89,20.03,60000,19480,10965,15782,936.837,9297.17,13607.52,54068.99,14700.094,4057.75,5077,0
57952,1655125374,-6.305,40.77,98,400,12782,20650,937.515,1.95,2.03,13.45,2.098,0.047,1066,0
2039,1654735370,22.211,50.46,62,400,13117,19992,939.639,0.9,0.93,6.18,0.963,0.022,2039,0
60005,1655127427,19.579,46.59,214,438,12765,20512,937.372,1.31,1.36,9.02,1.407,0.032,3119,0
27737,1654764086,19.1,46.94,127,400,13167,20057,939.626,1.01,1.05,6.98,1.089,0.025,2743,0
26109,1654762458,14.31,52.99,25,400,13041,19934,939.735,0.31,0.32,2.11,0.33,0.007,1115,0
60175,1655127597,16.168,42.29,196,426,12771,20524,937.402,2.0,2.07,13.74,2.142,0.048,3289,0
52180,1654713225,26.09,47.21,71,400,12782,20672,937.457,1.81,1.88,12.45,1.941,0.044,1038,0
57033,1655124455,26.175,41.64,23,407,12864,20759,937.578,2.15,2.24,14.82,2.311,0.052,147,0
56612,1654717657,53.09,13.05,2683,400,13562,19996,936.692,0.74,0.77,5.09,0.793,0.018,5470,0
27562,1654763911,18.6,49.03,96,400,13178,20085,939.621,0.78,0.81,5.35,0.834,0.019,2568,0
56430,1654717475,56.99,12.2,60000,1180,12410,18014,936.717,403.55,452.43,2694.12,472.772,41.974,5288,0
53087,1654714132,27.78,45.99,120,400,12792,20599,937.357,1.74,1.8,11.95,1.864,0.042,1945,0
62378,1655129800,-15.937,11.94,2534,400,13567,20031,936.707,0.57,0.59,3.93,0.612,0.014,5492,0
59006,1655126428,-5.202,48.13,134,421,12777,20583,937.33,1.78,1.85,12.23,1.907,0.043,2120,0
2458,1654735789,18.01,52.56,16,400,13213,20145,939.635,1.28,1.33,8.82,1.376,0.031,2458,0
51711,1654712756,28.83,42.05,49,400,12844,20722,937.486,1.7,1.77,11.72,1.827,0.041,569,0
53128,1654714173,26.05,47.11,138,415,12779,20584,937.348,1.93,2.01,13.3,2.073,0.047,1986,0
25425,1654761774,12.11,51.38,43,400,12714,19731,939.837,0.15,0.18,0.93,0.189,0.03,431,0
58183,1655125605,-9.214,41.46,74,400,12789,20647,937.472,1.6,1.66,10.99,1.714,0.039,1297,0
54412,1654715457,28.28,44.28,193,420,12774,20529,937.407,1.63,1.69,11.22,1.75,0.04,3270,0
54287,1654715332,27.8,47.0,187,411,12774,20534,937.34,1.62,1.68,11.13,1.736,0.039,3145,0
2885,1654736216,13.014,52.3,145,400,13160,20023,939.648,0.95,0.99,6.55,1.021,0.023,2885,0
54535,1654715580,28.39,43.99,227,408,12786,20494,937.43,1.6,1.66,11.01,1.717,0.039,3393,0
55922,1654716967,43.36,18.48,0,400,13637,21367,936.812,1.17,1.22,8.06,1.257,0.028,4780,0
53487,1654714532,26.06,47.36,148,422,12782,20575,937.3,1.67,1.73,11.48,1.79,0.04,2345,0
1318,1654734649,26.68,49.35,0,400,13098,19986,939.708,0.47,0.49,3.22,0.502,0.011,1318,0
27724,1654764073,20.8,46.5,89,400,13191,20087,939.634,0.95,0.98,6.52,1.016,0.023,2730,0
53581,1654714626,28.62,42.48,147,417,12776,20566,937.329,2.04,2.12,14.01,2.185,0.049,2439,0
27904,1654764253,21.14,45.49,144,400,13161,20023,939.633,1.25,1.3,8.62,1.343,0.03,2910,0
2300,1654735631,19.697,54.33,8,400,13212,20161,939.602,1.07,1.12,7.39,1.152,0.026,2300,0
55630,1654716675,52.95,21.7,30424,734,12638,18780,936.9,0.72,0.75,4.94,0.77,0.017,4488,0
56511,1654717556,58.23,11.45,10144,400,13248,19372,936.703,3.13,3.25,21.54,3.359,0.076,5369,0
57572,1655124994,11.779,43.95,61,439,12803,20702,937.515,2.45,2.54,16.83,2.625,0.059,686,0
2026,1654735357,22.326,47.34,43,400,13140,20014,939.639,0.82,0.85,5.64,0.879,0.02,2026,0
59017,1655126439,-5.168,42.97,107,400,12798,20612,937.297,1.98,2.06,13.62,2.123,0.048,2131,0
51284,1654712329,26.77,45.27,53,429,12850,20730,937.551,2.18,2.27,15.04,2.345,0.053,142,0
52958,1654714003,25.84,47.77,138,409,12783,20583,937.408,2.26,2.34,15.53,2.422,0.055,1816,0
53001,1654714046,26.44,45.48,158,425,12777,20564,937.373,1.98,2.06,13.65,2.129,0.048,1859,0
52818,1654713863,26.78,43.89,92,412,12777,20633,937.397,1.89,1.97,13.03,2.031,0.046,1676,0
53705,1654714750,28.76,42.3,161,440,12771,20560,937.315,1.81,1.88,12.48,1.946,0.044,2563,0
27680,1654764029,18.89,47.87,123,400,13162,20052,939.647,1.03,1.07,7.09,1.106,0.025,2686,0
57258,1655124680,25.333,45.75,32,400,12833,20741,937.541,2.44,2.54,16.81,2.622,0.059,372,0
26265,1654762614,15.41,49.63,35,400,13057,19923,939.726,0.45,0.47,3.11,0.485,0.011,1271,0
27454,1654763803,17.96,52.87,13,400,13217,20160,939.631,1.29,1.34,8.9,1.388,0.031,2460,0
60010,1655127432,19.498,47.79,213,440,12764,20498,937.383,1.26,1.31,8.67,1.353,0.031,3124,0
62448,1655129870,-9.658,12.99,1743,400,13637,20234,936.718,0.73,0.76,5.02,0.783,0.018,5562,0
59809,1655127231,20.635,42.41,169,421,12774,20547,937.405,2.02,2.1,13.89,2.166,0.049,2923,0
27882,1654764231,20.18,51.05,119,400,13175,20051,939.648,0.98,1.02,6.78,1.057,0.024,2888,0
56787,1654717832,46.58,15.91,692,400,13729,20507,936.691,0.58,0.6,3.96,0.618,0.014,5645,0
56981,1655124403,24.698,39.5,49,422,12860,20740,937.618,2.23,2.31,15.32,2.388,0.054,95,0
54598,1654715643,28.28,40.44,0,400,13113,21009,937.437,2.02,2.09,13.87,2.163,0.049,3456,0
55947,1654716992,41.17,29.1,664,400,13493,20537,936.853,0.73,0.76,5.05,0.787,0.018,4805,0
54651,1654715696,27.81,41.22,0,400,13143,20977,937.462,1.97,2.05,13.58,2.117,0.048,3509,0
57931,1655125353,-5.626,45.25,43,400,12804,20699,937.478,1.92,1.99,13.2,2.059,0.047,1045,0
61413,1655128835,18.89,20.03,33700,753,12630,18727,936.876,0.44,0.46,3.02,0.471,0.011,4527,0
60338,1655127760,13.121,41.3,0,400,13085,21009,937.449,1.9,1.97,13.07,2.039,0.046,3452,0
